ICAO,Alliance
AAA,SkyTeam
AAB,OneWorld
AAC,Star
AAC,Star
AAD,OneWorld
AAD,SkyTeam
AAE,OneWorld
AAE,OneWorld
AAF,SkyTeam
AAG,Star
AAG,OneWorld
AAH,SkyTeam
AAH,SkyTeam
AAI,Star
AAJ,SkyTeam
AAJ,Star
AAK,Star
AAL,SkyTeam
AAM,OneWorld
AAN,Star
AAN,OneWorld
AAN,OneWorld
AAO,SkyTeam
AAP,OneWorld
AAP,Star
AAP,Star
AAQ,OneWorld
AAQ,Star
AAR,SkyTeam
AAR,Star
AAS,OneWorld
AAS,SkyTeam
AAS,SkyTeam
AAS,OneWorld
AAT,Star
AAT,SkyTeam
AAU,SkyTeam
AAV,OneWorld
AAV,Star
AAW,Star
AAW,Star
AAW,OneWorld
AAW,Star
AAX,SkyTeam
AAX,SkyTeam
AAY,OneWorld
AAZ,SkyTeam
AAZ,OneWorld
ABA,SkyTeam
ABA,OneWorld
ABA,Star
ABB,OneWorld
ABD,SkyTeam
ABE,SkyTeam
ABE,Star
ABF,Star
ABG,SkyTeam
ABH,Star
ABI,SkyTeam
ABJ,Star
ABK,Star
ABL,OneWorld
ABL,OneWorld
ABM,Star
ABN,SkyTeam
ABN,OneWorld
ABO,Star
ABP,SkyTeam
ABQ,Star
ABR,Star
ABS,Star
ABS,OneWorld
ABT,OneWorld
ABT,Star
ABU,Star
ABU,Star
ABV,OneWorld
ABW,Star
ABX,Star
ABX,Star
ABY,SkyTeam
ABZ,Star
ABZ,Star
ACA,OneWorld
ACB,OneWorld
ACC,OneWorld
ACC,Star
ACD,SkyTeam
ACE,OneWorld
ACE,Star
ACF,SkyTeam
ACG,OneWorld
ACH,Star
ACI,Star
ACJ,OneWorld
ACK,OneWorld
ACL,Star
ACM,Star
ACN,Star
ACP,SkyTeam
ACQ,Star
ACQ,OneWorld
ACR,SkyTeam
ACS,SkyTeam
ACS,OneWorld
ACT,Star
ACU,OneWorld
ACV,OneWorld
ACW,OneWorld
ACX,OneWorld
ACX,OneWorld
ACY,Star
ACY,OneWorld
ADA,OneWorld
ADB,OneWorld
ADC,SkyTeam
ADC,SkyTeam
ADD,OneWorld
ADE,OneWorld
ADF,SkyTeam
ADG,Star
ADI,OneWorld
ADJ,SkyTeam
ADK,SkyTeam
ADL,Star
ADM,OneWorld
ADN,Star
ADO,Star
ADP,OneWorld
ADQ,SkyTeam
ADR,Star
ADS,OneWorld
ADT,SkyTeam
ADT,Star
ADU,Star
ADV,SkyTeam
ADV,Star
ADW,Star
ADW,OneWorld
ADX,SkyTeam
ADY,Star
ADZ,Star
AE,OneWorld
AEA,SkyTeam
AEB,Star
AEC,OneWorld
AED,OneWorld
AED,OneWorld
AED,Star
AEE,SkyTeam
AEF,Star
AEG,Star
AEH,SkyTeam
AEH,OneWorld
AEI,SkyTeam
AEI,SkyTeam
AEJ,OneWorld
AEK,SkyTeam
AEK,Star
AEL,SkyTeam
AEM,SkyTeam
AEN,SkyTeam
AEN,Star
AEO,OneWorld
AEP,OneWorld
AEQ,SkyTeam
AER,Star
AES,Star
AES,SkyTeam
AET,OneWorld
AEU,SkyTeam
AEV,SkyTeam
AEW,Star
AEX,OneWorld
AEY,OneWorld
AEZ,Star
AFA,OneWorld
AFB,SkyTeam
AFC,SkyTeam
AFD,SkyTeam
AFE,OneWorld
AFF,Star
AFG,SkyTeam
AFH,Star
AFI,Star
AFJ,OneWorld
AFK,Star
AFL,OneWorld
AFM,SkyTeam
AFN,SkyTeam
AFO,Star
AFP,SkyTeam
AFQ,Star
AFR,OneWorld
AFS,Star
AFU,OneWorld
AFV,OneWorld
AFW,SkyTeam
AFW,Star
AFX,Star
AFY,Star
AFZ,SkyTeam
AGA,OneWorld
AGA,SkyTeam
AGB,OneWorld
AGC,Star
AGE,OneWorld
AGF,SkyTeam
AGG,SkyTeam
AGH,Star
AGI,OneWorld
AGM,Star
AGM,Star
AGN,SkyTeam
AGO,OneWorld
AGP,Star
AGQ,SkyTeam
AGR,SkyTeam
AGT,SkyTeam
AGU,Star
AGV,Star
AGW,Star
AGX,OneWorld
AGY,SkyTeam
AGZ,OneWorld
AHA,OneWorld
AHC,SkyTeam
AHD,SkyTeam
AHE,OneWorld
AHF,OneWorld
AHG,SkyTeam
AHH,OneWorld
AHI,OneWorld
AHK,SkyTeam
AHL,OneWorld
AHM,SkyTeam
AHN,OneWorld
AHO,OneWorld
AHP,Star
AHR,SkyTeam
AHS,OneWorld
AHS,Star
AHT,SkyTeam
AHU,SkyTeam
AHW,Star
AHY,SkyTeam
AIA,Star
AIB,SkyTeam
AIC,SkyTeam
AID,OneWorld
AIE,OneWorld
AIF,SkyTeam
AIG,SkyTeam
AIH,SkyTeam
AII,OneWorld
AIJ,SkyTeam
AIJ,SkyTeam
AIK,Star
AIL,SkyTeam
AIM,Star
AIM,SkyTeam
AIN,SkyTeam
AIO,OneWorld
AIO,Star
AIP,OneWorld
AIQ,OneWorld
AIR,Star
AIS,OneWorld
AIT,Star
AIU,Star
AIV,SkyTeam
AIW,OneWorld
AIX,Star
AIY,SkyTeam
AIZ,Star
AJA,SkyTeam
AJB,OneWorld
AJC,SkyTeam
AJE,OneWorld
AJF,OneWorld
AJH,OneWorld
AJI,Star
AJJ,SkyTeam
AJK,SkyTeam
AJM,Star
AJO,SkyTeam
AJP,OneWorld
AJR,Star
AJS,OneWorld
AJT,Star
AJU,Star
AJV,OneWorld
AJW,OneWorld
AJX,Star
AJY,Star
AKA,Star
AKB,Star
AKC,Star
AKF,SkyTeam
AKG,SkyTeam
AKH,OneWorld
AKI,SkyTeam
AKJ,OneWorld
AKK,SkyTeam
AKL,SkyTeam
AKM,OneWorld
AKN,Star
AKR,SkyTeam
AKT,OneWorld
AKT,OneWorld
AKW,Star
AKX,OneWorld
AKY,OneWorld
AKZ,SkyTeam
ALB,SkyTeam
ALC,SkyTeam
ALD,OneWorld
ALE,SkyTeam
ALF,OneWorld
ALG,Star
ALJ,OneWorld
ALK,Star
ALL,OneWorld
ALM,SkyTeam
ALN,OneWorld
ALN,Star
ALO,OneWorld
ALP,OneWorld
ALP,SkyTeam
ALQ,OneWorld
ALR,Star
ALS,SkyTeam
ALT,OneWorld
ALU,Star
ALV,OneWorld
ALW,OneWorld
ALX,OneWorld
ALX,Star
ALY,OneWorld
ALZ,Star
AMA,SkyTeam
AMB,OneWorld
AMC,SkyTeam
AMD,Star
AME,Star
AMF,OneWorld
AMG,SkyTeam
AMH,SkyTeam
AMI,Star
AMJ,OneWorld
AMK,Star
AMM,OneWorld
AMM,SkyTeam
AMO,Star
AMP,Star
AMQ,Star
AMQ,OneWorld
AMR,OneWorld
AMS,OneWorld
AMT,SkyTeam
AMU,SkyTeam
AMV,Star
AMW,SkyTeam
AMX,Star
AMY,SkyTeam
AMZ,Star
ANA,Star
ANB,OneWorld
ANC,OneWorld
AND,SkyTeam
AND,OneWorld
ANE,OneWorld
ANG,SkyTeam
ANH,OneWorld
ANI,OneWorld
ANK,OneWorld
ANL,SkyTeam
ANM,Star
ANM,OneWorld
ANO,SkyTeam
ANQ,Star
ANS,Star
ANT,OneWorld
ANV,Star
ANW,OneWorld
ANX,Star
ANZ,Star
AOA,Star
AOB,Star
AOC,OneWorld
AOD,Star
AOE,SkyTeam
AOE,Star
AOF,SkyTeam
AOG,OneWorld
AOI,SkyTeam
AOJ,SkyTeam
AOK,OneWorld
AOL,Star
AOM,SkyTeam
AON,SkyTeam
AOO,SkyTeam
AOP,SkyTeam
AOR,SkyTeam
AOS,SkyTeam
AOT,Star
AOU,Star
AOV,Star
AOX,SkyTeam
APA,OneWorld
APC,SkyTeam
APD,SkyTeam
APE,Star
APF,SkyTeam
APG,SkyTeam
APH,SkyTeam
API,Star
APJ,OneWorld
APL,SkyTeam
APL,OneWorld
APM,SkyTeam
APN,OneWorld
APO,SkyTeam
APP,Star
APQ,Star
APR,OneWorld
APT,SkyTeam
APU,Star
APV,Star
APW,SkyTeam
APX,SkyTeam
APY,SkyTeam
APZ,Star
AQA,SkyTeam
AQL,OneWorld
AQN,OneWorld
AQO,OneWorld
AQT,OneWorld
AQU,SkyTeam
AQZ,OneWorld
ARA,OneWorld
ARB,OneWorld
ARC,OneWorld
ARE,Star
ARE,OneWorld
ARF,OneWorld
ARG,SkyTeam
ARH,OneWorld
ARH,Star
ARI,SkyTeam
ARJ,OneWorld
ARK,SkyTeam
ARL,SkyTeam
ARM,Star
ARO,SkyTeam
ARO,Star
ARP,SkyTeam
ARQ,OneWorld
ARR,SkyTeam
ARS,SkyTeam
ART,OneWorld
ART,OneWorld
ARU,OneWorld
ARV,Star
ARW,Star
ARX,Star
ARY,Star
ARZ,Star
ASA,Star
ASB,SkyTeam
ASC,Star
ASD,OneWorld
ASD,Star
ASE,SkyTeam
ASF,SkyTeam
ASF,OneWorld
ASG,Star
ASH,SkyTeam
ASI,SkyTeam
ASJ,SkyTeam
ASK,Star
ASK,SkyTeam
ASL,Star
ASM,Star
ASN,SkyTeam
ASO,Star
ASP,SkyTeam
ASQ,OneWorld
ASQ,Star
ASR,OneWorld
ASR,OneWorld
ASS,OneWorld
AST,Star
ASV,OneWorld
ASV,Star
ASW,OneWorld
ASX,SkyTeam
ASY,Star
ASZ,SkyTeam
ATA,Star
ATB,OneWorld
ATC,OneWorld
ATC,SkyTeam
ATD,SkyTeam
ATE,OneWorld
ATF,OneWorld
ATG,SkyTeam
ATH,SkyTeam
ATI,OneWorld
ATJ,Star
ATK,OneWorld
ATL,Star
ATM,Star
ATN,SkyTeam
ATP,Star
ATQ,SkyTeam
ATQ,SkyTeam
ATR,Star
ATS,Star
ATT,OneWorld
ATT,Star
ATU,SkyTeam
ATV,OneWorld
ATW,OneWorld
ATW,SkyTeam
ATX,SkyTeam
AUA,SkyTeam
AUB,OneWorld
AUC,OneWorld
AUD,OneWorld
AUF,OneWorld
AUH,SkyTeam
AUI,Star
AUJ,Star
AUL,OneWorld
AUM,SkyTeam
AUN,SkyTeam
AUN,OneWorld
AUO,OneWorld
AUP,OneWorld
AUR,SkyTeam
AUS,Star
AUT,SkyTeam
AUU,OneWorld
AUX,OneWorld
AUY,OneWorld
AUZ,Star
AVA,Star
AVB,OneWorld
AVD,SkyTeam
AVE,OneWorld
AVF,Star
AVG,SkyTeam
AVG,OneWorld
AVH,SkyTeam
AVJ,OneWorld
AVK,SkyTeam
AVM,SkyTeam
AVN,Star
AVO,OneWorld
AVP,SkyTeam
AVP,Star
AVQ,OneWorld
AVR,OneWorld
AVS,OneWorld
AVT,OneWorld
AVU,SkyTeam
AVV,SkyTeam
AVW,Star
AVX,Star
AVX,SkyTeam
AVY,Star
AVZ,SkyTeam
AWB,Star
AWC,Star
AWD,SkyTeam
AWE,Star
AWE,Star
AWF,Star
AWG,Star
AWI,SkyTeam
AWJ,Star
AWK,OneWorld
AWL,Star
AWL,Star
AWN,Star
AWO,SkyTeam
AWP,OneWorld
AWQ,SkyTeam
AWR,Star
AWS,Star
AWT,OneWorld
AWT,Star
AWU,OneWorld
AWV,SkyTeam
AWW,OneWorld
AWX,Star
AWY,Star
AWZ,OneWorld
AXB,OneWorld
AXC,OneWorld
AXD,SkyTeam
AXE,SkyTeam
AXH,OneWorld
AXI,Star
AXK,OneWorld
AXL,SkyTeam
AXM,OneWorld
AXN,SkyTeam
AXP,SkyTeam
AXQ,Star
AXR,Star
AXS,OneWorld
AXV,OneWorld
AXX,SkyTeam
AXX,SkyTeam
AXY,OneWorld
AXY,OneWorld
AYB,Star
AYD,SkyTeam
AYE,Star
AYG,SkyTeam
AYK,Star
AYM,SkyTeam
AYN,OneWorld
AYR,OneWorld
AYS,SkyTeam
AYT,Star
AYU,Star
AYZ,SkyTeam
AZA,OneWorld
AZB,OneWorld
AZB,SkyTeam
AZE,Star
AZF,SkyTeam
AZG,SkyTeam
AZG,Star
AZI,OneWorld
AZI,Star
AZJ,SkyTeam
AZK,OneWorld
AZL,OneWorld
AZM,OneWorld
AZN,Star
AZP,Star
AZP,Star
AZQ,OneWorld
AZR,SkyTeam
AZS,SkyTeam
AZT,SkyTeam
AZU,SkyTeam
AZV,SkyTeam
AZW,SkyTeam
AZX,Star
AZY,SkyTeam
AZY,SkyTeam
AZZ,Star
BAA,Star
BAB,Star
BAC,Star
BAE,SkyTeam
BAF,SkyTeam
BAG,SkyTeam
BAH,Star
BAJ,SkyTeam
BAK,Star
BAL,Star
BAL,SkyTeam
BAM,Star
BAN,Star
BAP,Star
BAR,SkyTeam
BAS,OneWorld
BAT,Star
BAU,OneWorld
BAV,OneWorld
BAV,OneWorld
BAW,OneWorld
BAX,Star
BAY,OneWorld
BBA,Star
BBB,OneWorld
BBC,Star
BBD,OneWorld
BBE,Star
BBF,Star
BBJ,OneWorld
BBL,OneWorld
BBN,OneWorld
BBO,SkyTeam
BBR,OneWorld
BBS,SkyTeam
BBT,Star
BBV,OneWorld
BBW,Star
BBZ,OneWorld
BCB,OneWorld
BCF,Star
BCH,Star
BCI,OneWorld
BCJ,SkyTeam
BCK,SkyTeam
BCL,Star
BCN,SkyTeam
BCR,SkyTeam
BCS,SkyTeam
BCT,OneWorld
BCV,SkyTeam
BCY,Star
BCY,OneWorld
BDA,Star
BDF,OneWorld
BDG,Star
BDM,SkyTeam
BDN,SkyTeam
BDR,Star
BDS,OneWorld
BDV,SkyTeam
BEA,SkyTeam
BEC,SkyTeam
BED,OneWorld
BEE,SkyTeam
BEF,Star
BEH,Star
BEK,SkyTeam
BEL,SkyTeam
BER,SkyTeam
BES,OneWorld
BET,OneWorld
BEZ,SkyTeam
BFA,SkyTeam
BFC,OneWorld
BFF,Star
BFG,SkyTeam
BFL,OneWorld
BFN,SkyTeam
BFN,SkyTeam
BFO,OneWorld
BFR,OneWorld
BFS,Star
BFW,SkyTeam
BGA,SkyTeam
BGD,SkyTeam
BGF,SkyTeam
BGG,OneWorld
BGH,OneWorld
BGI,Star
BGK,OneWorld
BGL,Star
BGM,Star
BGR,OneWorld
BGT,Star
BHA,OneWorld
BHC,OneWorld
BHI,SkyTeam
BHK,OneWorld
BHL,OneWorld
BHN,Star
BHO,OneWorld
BHP,Star
BHR,SkyTeam
BHS,OneWorld
BHT,Star
BHV,OneWorld
BHY,OneWorld
BIB,OneWorld
BID,OneWorld
BIE,SkyTeam
BIG,SkyTeam
BIH,OneWorld
BIL,Star
BIN,Star
BIO,OneWorld
BIR,OneWorld
BIS,Star
BIS,SkyTeam
BIV,SkyTeam
BIZ,SkyTeam
BJA,SkyTeam
BJC,SkyTeam
BJK,OneWorld
BJS,SkyTeam
BJT,Star
BJU,Star
BJV,Star
BKA,SkyTeam
BKF,Star
BKH,OneWorld
BKJ,SkyTeam
BKK,SkyTeam
BKL,SkyTeam
BKP,Star
BKR,Star
BKV,OneWorld
BLA,OneWorld
BLA,SkyTeam
BLB,Star
BLC,SkyTeam
BLE,Star
BLF,Star
BLG,OneWorld
BLH,OneWorld
BLI,Star
BLJ,OneWorld
BLK,Star
BLL,SkyTeam
BLM,OneWorld
BLN,Star
BLR,Star
BLS,OneWorld
BLT,Star
BLU,Star
BLV,SkyTeam
BLW,Star
BLX,SkyTeam
BLY,OneWorld
BLZ,SkyTeam
BMA,SkyTeam
BMD,SkyTeam
BME,SkyTeam
BMH,SkyTeam
BMI,OneWorld
BMJ,Star
BMK,Star
BML,SkyTeam
BMM,OneWorld
BMN,Star
BMR,OneWorld
BMV,SkyTeam
BMW,OneWorld
BMX,SkyTeam
BNA,SkyTeam
BNB,SkyTeam
BNC,SkyTeam
BND,OneWorld
BNE,SkyTeam
BNF,SkyTeam
BNG,SkyTeam
BNI,SkyTeam
BNJ,OneWorld
BNL,OneWorld
BNR,Star
BNS,Star
BNT,Star
BNV,SkyTeam
BNW,SkyTeam
BNX,Star
BNZ,Star
BNZ,Star
BOA,SkyTeam
BOB,Star
BOC,Star
BOD,Star
BOE,OneWorld
BOF,Star
BOI,OneWorld
BOL,Star
BON,SkyTeam
BOO,Star
BOS,OneWorld
BOT,SkyTeam
BOU,OneWorld
BOV,SkyTeam
BOX,Star
BOX,OneWorld
BPA,SkyTeam
BPH,OneWorld
BPK,SkyTeam
BPO,SkyTeam
BPS,Star
BPT,OneWorld
BPX,OneWorld
BRB,Star
BRD,Star
BRE,SkyTeam
BRF,Star
BRG,SkyTeam
BRJ,Star
BRK,OneWorld
BRL,OneWorld
BRM,SkyTeam
BRN,SkyTeam
BRO,OneWorld
BRO,SkyTeam
BRP,SkyTeam
BRQ,SkyTeam
BRR,SkyTeam
BRS,SkyTeam
BRT,SkyTeam
BRT,Star
BRU,SkyTeam
BRV,OneWorld
BRW,Star
BRX,SkyTeam
BRY,SkyTeam
BRZ,SkyTeam
BSB,Star
BSC,Star
BSD,OneWorld
BSI,Star
BSJ,SkyTeam
BSJ,OneWorld
BSK,Star
BSM,OneWorld
BSN,Star
BSO,OneWorld
BSP,OneWorld
BSR,OneWorld
BSS,Star
BST,SkyTeam
BSW,Star
BSY,Star
BTC,OneWorld
BTH,OneWorld
BTI,SkyTeam
BTI,SkyTeam
BTK,SkyTeam
BTK,Star
BTL,SkyTeam
BTN,Star
BTP,OneWorld
BTQ,SkyTeam
BTR,SkyTeam
BTS,SkyTeam
BTT,Star
BTU,SkyTeam
BTV,SkyTeam
BTZ,OneWorld
BUB,Star
BUC,Star
BUE,SkyTeam
BUG,SkyTeam
BUL,Star
BUN,OneWorld
BUZ,Star
BVA,Star
BVC,Star
BVN,SkyTeam
BVR,OneWorld
BVT,Star
BVU,Star
BVV,OneWorld
BWA,SkyTeam
BWD,SkyTeam
BWG,SkyTeam
BWI,OneWorld
BWL,SkyTeam
BWY,OneWorld
BXA,Star
BXH,OneWorld
BXI,SkyTeam
BXJ,Star
BYA,Star
BYC,Star
BYC,Star
BYE,Star
BYF,Star
BYF,OneWorld
BYG,Star
BYL,SkyTeam
BYR,SkyTeam
BYT,Star
BZA,Star
BZD,OneWorld
BZE,SkyTeam
BZF,Star
BZH,OneWorld
BZQ,Star
BZS,OneWorld
BZY,SkyTeam
BZZ,OneWorld
CAA,OneWorld
CAB,Star
CAC,Star
CAD,Star
CAE,SkyTeam
CAG,Star
CAH,SkyTeam
CAI,SkyTeam
CAJ,Star
CAK,Star
CAL,OneWorld
CAM,Star
CAN,Star
CAO,OneWorld
CAP,Star
CAQ,Star
CAR,Star
CAS,OneWorld
CAT,SkyTeam
CAT,OneWorld
CAT,Star
CAV,SkyTeam
CAW,OneWorld
CAX,Star
CAY,Star
CAZ,SkyTeam
CBA,Star
CBB,OneWorld
CBD,Star
CBE,Star
CBF,Star
CBH,Star
CBI,OneWorld
CBJ,OneWorld
CBL,Star
CBM,SkyTeam
CBN,OneWorld
CBN,SkyTeam
CBO,Star
CBR,SkyTeam
CBS,SkyTeam
CBT,SkyTeam
CBV,SkyTeam
CBY,SkyTeam
CCA,Star
CCB,OneWorld
CCD,Star
CCE,SkyTeam
CCF,OneWorld
CCH,SkyTeam
CCI,Star
CCK,OneWorld
CCL,Star
CCM,OneWorld
CCM,OneWorld
CCP,SkyTeam
CCQ,Star
CCT,Star
CCV,OneWorld
CCW,OneWorld
CCX,SkyTeam
CCY,SkyTeam
CDA,Star
CDC,SkyTeam
CDC,SkyTeam
CDE,SkyTeam
CDG,Star
CDI,SkyTeam
CDL,Star
CDM,OneWorld
CDN,OneWorld
CDN,Star
CDP,Star
CDR,Star
CDS,SkyTeam
CDT,Star
CDU,SkyTeam
CDV,SkyTeam
CDY,Star
CEA,Star
CEB,OneWorld
CEC,SkyTeam
CED,OneWorld
CEE,OneWorld
CEF,Star
CEG,OneWorld
CEM,Star
CEP,SkyTeam
CER,Star
CES,SkyTeam
CET,OneWorld
CEV,SkyTeam
CEX,OneWorld
CFA,Star
CFB,OneWorld
CFC,SkyTeam
CFD,OneWorld
CFE,OneWorld
CFE,Star
CFF,SkyTeam
CFG,OneWorld
CFH,SkyTeam
CFI,OneWorld
CFJ,OneWorld
CFL,SkyTeam
CFM,OneWorld
CFN,Star
CFR,SkyTeam
CFS,OneWorld
CFT,OneWorld
CFU,SkyTeam
CFV,Star
CFZ,SkyTeam
CGA,SkyTeam
CGB,OneWorld
CGC,OneWorld
CGD,SkyTeam
CGE,OneWorld
CGG,Star
CGH,SkyTeam
CGI,OneWorld
CGK,SkyTeam
CGL,SkyTeam
CGM,OneWorld
CGN,Star
CGO,Star
CGP,Star
CGR,SkyTeam
CGS,OneWorld
CGU,OneWorld
CGV,SkyTeam
CGW,Star
CGX,Star
CGY,OneWorld
CHA,Star
CHB,OneWorld
CHB,OneWorld
CHC,SkyTeam
CHD,SkyTeam
CHE,Star
CHF,Star
CHG,SkyTeam
CHH,OneWorld
CHI,SkyTeam
CHJ,OneWorld
CHK,Star
CHL,OneWorld
CHM,SkyTeam
CHN,SkyTeam
CHO,SkyTeam
CHP,OneWorld
CHQ,SkyTeam
CHR,SkyTeam
CHS,OneWorld
CHU,Star
CHV,SkyTeam
CHW,SkyTeam
CHZ,OneWorld
CIA,OneWorld
CIB,Star
CIC,SkyTeam
CID,OneWorld
CIE,OneWorld
CIG,SkyTeam
CII,SkyTeam
CIK,SkyTeam
CIL,Star
CIM,OneWorld
CIN,Star
CIO,Star
CIR,SkyTeam
CIT,Star
CIU,SkyTeam
CIV,OneWorld
CIW,Star
CIX,SkyTeam
CJA,Star
CJC,SkyTeam
CJE,Star
CJG,Star
CJI,Star
CJR,OneWorld
CJS,Star
CJT,Star
CJZ,SkyTeam
CKA,OneWorld
CKC,Star
CKE,Star
CKK,Star
CKL,SkyTeam
CKM,OneWorld
CKR,SkyTeam
CKS,Star
CLA,OneWorld
CLB,Star
CLD,OneWorld
CLE,SkyTeam
CLF,Star
CLG,SkyTeam
CLH,SkyTeam
CLI,Star
CLK,Star
CLL,Star
CLM,OneWorld
CLN,Star
CLP,OneWorld
CLR,Star
CLS,SkyTeam
CLT,SkyTeam
CLT,Star
CLU,SkyTeam
CLU,Star
CLV,SkyTeam
CLW,OneWorld
CLX,Star
CLY,SkyTeam
CLZ,Star
CMA,OneWorld
CME,OneWorld
CME,SkyTeam
CMF,OneWorld
CMG,Star
CMH,OneWorld
CMI,Star
CMJ,OneWorld
CMJ,Star
CMK,Star
CML,SkyTeam
CMM,OneWorld
CMN,OneWorld
CMP,SkyTeam
CMR,OneWorld
CMS,Star
CMT,OneWorld
CMU,OneWorld
CMV,Star
CMX,SkyTeam
CMY,OneWorld
CMZ,Star
CNB,SkyTeam
CNC,OneWorld
CND,OneWorld
CND,Star
CNE,Star
CNG,SkyTeam
CNH,Star
CNI,Star
CNJ,OneWorld
CNK,SkyTeam
CNL,Star
CNM,OneWorld
CNO,Star
CNR,Star
CNS,Star
CNT,Star
CNU,SkyTeam
CNV,SkyTeam
CNW,SkyTeam
CNW,Star
CNX,Star
CNY,SkyTeam
COA,OneWorld
COD,SkyTeam
COF,OneWorld
COH,Star
COM,Star
CON,OneWorld
COO,SkyTeam
COP,SkyTeam
COT,Star
COT,Star
COV,OneWorld
COW,Star
COY,SkyTeam
COZ,SkyTeam
CPA,Star
CPB,SkyTeam
CPC,Star
CPD,OneWorld
CPF,Star
CPG,Star
CPH,OneWorld
CPI,SkyTeam
CPJ,OneWorld
CPL,OneWorld
CPM,OneWorld
CPN,Star
CPO,OneWorld
CPR,OneWorld
CPS,OneWorld
CPT,SkyTeam
CPV,Star
CPW,SkyTeam
CPX,Star
CPZ,SkyTeam
CQC,SkyTeam
CQH,Star
CQN,Star
CRA,Star
CRB,Star
CRC,Star
CRC,Star
CRD,SkyTeam
CRE,Star
CRF,SkyTeam
CRF,SkyTeam
CRG,OneWorld
CRG,OneWorld
CRH,Star
CRJ,SkyTeam
CRK,Star
CRL,OneWorld
CRM,OneWorld
CRN,Star
CRN,OneWorld
CRO,SkyTeam
CRP,OneWorld
CRQ,SkyTeam
CRR,OneWorld
CRS,Star
CRT,SkyTeam
CRV,OneWorld
CRV,Star
CRW,SkyTeam
CRX,Star
CRY,SkyTeam
CS,OneWorld
CSA,Star
CSC,Star
CSD,Star
CSE,SkyTeam
CSF,SkyTeam
CSH,Star
CSI,OneWorld
CSJ,SkyTeam
CSK,SkyTeam
CSL,SkyTeam
CSM,Star
CSN,OneWorld
CSO,SkyTeam
CSP,Star
CSQ,OneWorld
CSS,Star
CST,SkyTeam
CSU,OneWorld
CSV,Star
CSW,OneWorld
CSX,Star
CSY,Star
CSZ,Star
CTA,SkyTeam
CTD,OneWorld
CTE,SkyTeam
CTF,OneWorld
CTG,OneWorld
CTH,Star
CTK,SkyTeam
CTL,SkyTeam
CTM,Star
CTN,OneWorld
CTO,SkyTeam
CTP,OneWorld
CTQ,SkyTeam
CTR,Star
CTS,OneWorld
CTT,Star
CTV,Star
CTW,OneWorld
CTY,SkyTeam
CTZ,OneWorld
CUA,SkyTeam
CUB,SkyTeam
CUH,Star
CUI,SkyTeam
CUK,Star
CUO,OneWorld
CUT,OneWorld
CVA,SkyTeam
CVC,Star
CVE,OneWorld
CVF,Star
CVG,SkyTeam
CVK,Star
CVL,OneWorld
CVO,SkyTeam
CVR,OneWorld
CVT,OneWorld
CVU,SkyTeam
CVV,Star
CWA,OneWorld
CWC,SkyTeam
CWD,SkyTeam
CWE,OneWorld
CWH,Star
CWK,Star
CWL,SkyTeam
CWM,SkyTeam
CWN,OneWorld
CWP,SkyTeam
CWR,SkyTeam
CWT,OneWorld
CWU,OneWorld
CWW,Star
CWX,OneWorld
CWY,Star
CWZ,OneWorld
CXA,Star
CXB,Star
CXE,OneWorld
CXH,OneWorld
CXI,SkyTeam
CXJ,Star
CXN,Star
CXO,OneWorld
CXS,Star
CYA,Star
CYC,OneWorld
CYD,SkyTeam
CYE,OneWorld
CYF,Star
CYF,OneWorld
CYG,OneWorld
CYH,OneWorld
CYH,SkyTeam
CYL,Star
CYN,OneWorld
CYO,SkyTeam
CYP,OneWorld
CYS,OneWorld
CYT,OneWorld
CYZ,OneWorld
DAA,Star
DAB,OneWorld
DAC,Star
DAD,Star
DAE,OneWorld
DAF,Star
DAG,Star
DAH,Star
DAL,OneWorld
DAM,Star
DAN,Star
DAO,SkyTeam
DAP,OneWorld
DAR,OneWorld
DAS,Star
DAT,OneWorld
DAU,SkyTeam
DAV,OneWorld
DAY,Star
DBA,SkyTeam
DBC,Star
DBD,SkyTeam
DBJ,OneWorld
DBK,OneWorld
DBR,OneWorld
DBR,OneWorld
DCA,Star
DCC,OneWorld
DCE,Star
DCL,Star
DCM,OneWorld
DCN,SkyTeam
DCO,SkyTeam
DCS,Star
DCT,OneWorld
DCV,Star
DCX,SkyTeam
DDA,Star
DDL,Star
DDS,SkyTeam
DEA,SkyTeam
DEE,OneWorld
DEF,SkyTeam
DEG,OneWorld
DEI,OneWorld
DEL,SkyTeam
DES,OneWorld
DES,SkyTeam
DET,Star
DEV,Star
DFA,Star
DFS,Star
DGA,OneWorld
DGO,Star
DGT,OneWorld
DGX,Star
DHA,Star
DHC,Star
DHE,Star
DHI,SkyTeam
DHK,SkyTeam
DHL,Star
DHM,Star
DHV,Star
DHX,SkyTeam
DIA,SkyTeam
DIC,OneWorld
DIN,Star
DIP,OneWorld
DIR,SkyTeam
DIS,Star
DIX,SkyTeam
DJA,Star
DJE,Star
DJR,Star
DJS,OneWorld
DJT,SkyTeam
DJT,OneWorld
DJU,OneWorld
DKA,OneWorld
DKE,OneWorld
DKH,SkyTeam
DKN,Star
DKT,Star
DKY,OneWorld
DLA,OneWorld
DLA,SkyTeam
DLC,Star
DLH,OneWorld
DLI,OneWorld
DLK,SkyTeam
DLR,SkyTeam
DLS,SkyTeam
DLU,Star
DMC,OneWorld
DMD,OneWorld
DMF,OneWorld
DMI,SkyTeam
DMJ,SkyTeam
DML,Star
DMO,Star
DNA,OneWorld
DNC,OneWorld
DND,SkyTeam
DNI,OneWorld
DNJ,OneWorld
DNK,OneWorld
DNL,SkyTeam
DNM,SkyTeam
DNR,OneWorld
DNS,OneWorld
DNU,OneWorld
DNV,Star
DNY,SkyTeam
DOA,Star
DOC,OneWorld
DOD,OneWorld
DOI,Star
DOJ,OneWorld
DOM,Star
DON,Star
DOP,Star
DOR,SkyTeam
DOT,SkyTeam
DPJ,SkyTeam
DPL,SkyTeam
DQA,Star
DQA,OneWorld
DRB,OneWorld
DRC,OneWorld
DRD,Star
DRD,OneWorld
DRE,Star
DRF,SkyTeam
DRK,SkyTeam
DRL,Star
DRM,OneWorld
DRN,Star
DRO,Star
DRO,OneWorld
DRT,Star
DRU,SkyTeam
DRX,Star
DRY,Star
DSA,Star
DSC,OneWorld
DSH,SkyTeam
DSK,Star
DSL,Star
DSM,Star
DSN,Star
DSO,SkyTeam
DSQ,Star
DSR,OneWorld
DST,OneWorld
DSU,SkyTeam
DTA,Star
DTH,OneWorld
DTN,Star
DTR,OneWorld
DTV,OneWorld
DTY,SkyTeam
DUB,Star
DUK,Star
DUN,SkyTeam
DUO,Star
DVA,Star
DVB,OneWorld
DVI,Star
DVN,Star
DWN,SkyTeam
DWR,OneWorld
DWT,SkyTeam
DWW,Star
DXH,Star
DXP,OneWorld
DYA,SkyTeam
DYE,Star
DYN,Star
DZR,Star
EAB,Star
EAC,OneWorld
EAD,SkyTeam
EAE,OneWorld
EAF,Star
EAG,SkyTeam
EAG,Star
EAH,OneWorld
EAI,SkyTeam
EAI,Star
EAK,Star
EAL,SkyTeam
EAL,OneWorld
EAL,Star
EAM,SkyTeam
EAN,OneWorld
EAP,OneWorld
EAQ,SkyTeam
EAR,Star
EAT,Star
EAV,SkyTeam
EAX,Star
EAY,Star
EAZ,Star
EBA,OneWorld
EBC,Star
EBE,Star
EBF,SkyTeam
EBF,Star
EBG,SkyTeam
EBJ,SkyTeam
EBS,Star
ECA,SkyTeam
ECB,Star
ECC,OneWorld
ECC,SkyTeam
ECD,Star
ECE,Star
ECF,SkyTeam
ECG,Star
ECI,Star
ECJ,OneWorld
ECL,SkyTeam
ECM,SkyTeam
ECN,SkyTeam
ECQ,OneWorld
ECS,SkyTeam
ECT,OneWorld
ECU,Star
ECV,SkyTeam
ECX,Star
ECY,OneWorld
EDA,OneWorld
EDC,OneWorld
EDD,OneWorld
EDJ,OneWorld
EDL,OneWorld
EDO,OneWorld
EDR,SkyTeam
EDR,OneWorld
EDV,Star
EDW,OneWorld
EDY,Star
EEA,OneWorld
EEF,SkyTeam
EES,SkyTeam
EET,Star
EEU,OneWorld
EEZ,OneWorld
EFC,Star
EFD,OneWorld
EFG,SkyTeam
EFL,Star
EFS,Star
EFT,SkyTeam
EFW,SkyTeam
EGF,Star
EGJ,OneWorld
EGL,Star
EGN,SkyTeam
EGO,SkyTeam
EGR,SkyTeam
EGU,OneWorld
EGV,OneWorld
EGX,Star
EGY,SkyTeam
EHA,OneWorld
EHD,Star
EHR,SkyTeam
EIA,OneWorld
EIC,OneWorld
EIJ,SkyTeam
EIN,SkyTeam
EIR,SkyTeam
EIS,SkyTeam
EIX,OneWorld
EJA,SkyTeam
EJC,Star
EJD,Star
EJM,SkyTeam
EJO,SkyTeam
EJP,OneWorld
EJS,OneWorld
EJT,Star
EJU,SkyTeam
EJV,Star
EJX,SkyTeam
EKA,SkyTeam
EKC,Star
ELA,Star
ELB,OneWorld
ELB,SkyTeam
ELG,OneWorld
ELH,OneWorld
ELJ,SkyTeam
ELL,OneWorld
ELM,Star
ELN,SkyTeam
ELO,SkyTeam
ELR,Star
ELS,Star
ELT,SkyTeam
ELU,OneWorld
ELV,OneWorld
ELW,SkyTeam
ELX,OneWorld
ELY,Star
EMA,Star
EMB,SkyTeam
EMD,Star
EME,SkyTeam
EMI,OneWorld
EMJ,SkyTeam
EMN,Star
EMP,SkyTeam
EMR,Star
EMS,SkyTeam
EMT,SkyTeam
EMU,Star
EMX,Star
ENA,SkyTeam
ENC,SkyTeam
END,Star
ENI,OneWorld
ENK,Star
ENK,Star
ENR,Star
ENS,SkyTeam
ENT,Star
ENT,OneWorld
ENV,OneWorld
ENW,Star
ENY,OneWorld
ENZ,SkyTeam
EOA,SkyTeam
EOK,Star
EOL,SkyTeam
EOM,OneWorld
EPA,OneWorld
EPB,Star
EPC,SkyTeam
EPE,Star
EPL,SkyTeam
EPR,SkyTeam
EPU,SkyTeam
EQC,Star
EQL,OneWorld
EQT,SkyTeam
EQZ,SkyTeam
ERC,SkyTeam
ERC,OneWorld
ERE,SkyTeam
ERF,OneWorld
ERG,OneWorld
ERH,SkyTeam
ERI,OneWorld
ERJ,OneWorld
ERK,OneWorld
ERM,OneWorld
ERO,OneWorld
ERO,Star
ERT,SkyTeam
ERV,SkyTeam
ERX,OneWorld
ESB,SkyTeam
ESC,OneWorld
ESE,SkyTeam
ESF,SkyTeam
ESI,OneWorld
ESJ,OneWorld
ESK,OneWorld
ESL,SkyTeam
ESN,SkyTeam
ESO,SkyTeam
ESR,SkyTeam
ESS,OneWorld
EST,OneWorld
ESU,Star
ESX,SkyTeam
ESZ,OneWorld
ETA,OneWorld
ETC,SkyTeam
ETD,SkyTeam
ETE,SkyTeam
ETH,Star
ETI,OneWorld
ETL,OneWorld
ETM,Star
ETN,Star
ETP,OneWorld
ETS,OneWorld
ETV,OneWorld
EUC,SkyTeam
EUG,Star
EUJ,SkyTeam
EUK,OneWorld
EUK,SkyTeam
EUP,Star
EUT,SkyTeam
EUU,OneWorld
EUW,OneWorld
EUY,OneWorld
EVA,SkyTeam
EVE,Star
EVE,Star
EVK,SkyTeam
EVL,Star
EVM,SkyTeam
EVN,Star
EVR,SkyTeam
EVS,OneWorld
EVT,OneWorld
EVY,SkyTeam
EWA,OneWorld
EWE/EWL,Star
EWG,Star
EWL,OneWorld
EWR,SkyTeam
EWS,OneWorld
EWW,Star
EXA,OneWorld
EXB,SkyTeam
EXC,OneWorld
EXE,SkyTeam
EXF,SkyTeam
EXG,SkyTeam
EXH,SkyTeam
EXJ,OneWorld
EXK,OneWorld
EXL,OneWorld
EXM,Star
EXN,OneWorld
EXP,OneWorld
EXP,OneWorld
EXR,Star
EXS,Star
EXS,SkyTeam
EXT,SkyTeam
EXU,Star
EXV,OneWorld
EXW,Star
EXX,SkyTeam
EXY,SkyTeam
EXZ,SkyTeam
EYE,Star
EZB,SkyTeam
EZD,Star
EZD,OneWorld
EZE,SkyTeam
EZJ,OneWorld
EZS,Star
EZX,Star
EZY,SkyTeam
FAB,Star
FAC,SkyTeam
FAD,Star
FAE,SkyTeam
FAF,Star
FAG,OneWorld
FAH,Star
FAJ,Star
FAK,OneWorld
FAL,OneWorld
FAM,OneWorld
FAN,Star
FAO,Star
FAP,OneWorld
FAP,Star
FAQ,Star
FAR,SkyTeam
FAS,Star
FAS,SkyTeam
FAT,SkyTeam
FAU,Star
FAV,OneWorld
FAW,SkyTeam
FAX,OneWorld
FAY,Star
FAZ,Star
FBA,Star
FBF,OneWorld
FBO,Star
FBU,OneWorld
FBW,OneWorld
FBZ,SkyTeam
FCA,OneWorld
FCB,SkyTeam
FCC,OneWorld
FCE,Star
FCI,SkyTeam
FCJ,OneWorld
FCK,Star
FCL,SkyTeam
FCN,Star
FCO,SkyTeam
FCP,OneWorld
FCR,SkyTeam
FCS,SkyTeam
FCT,Star
FCU,Star
FCV,OneWorld
FDA,Star
FDB,Star
FDF,Star
FDL,OneWorld
FDN,OneWorld
FDO,SkyTeam
FDP,SkyTeam
FDR,Star
FDS,SkyTeam
FDX,OneWorld
FDY,OneWorld
FEA,Star
FEC,SkyTeam
FED,Star
FEE,Star
FEG,Star
FEI,OneWorld
FEO,Star
FER,Star
FES,OneWorld
FET,SkyTeam
FEX,SkyTeam
FEY,Star
FFA,Star
FFB,OneWorld
FFC,Star
FFD,SkyTeam
FFF,OneWorld
FFG,Star
FFH,SkyTeam
FFI,SkyTeam
FFL,SkyTeam
FFL,SkyTeam
FFM,OneWorld
FFP,Star
FFR,Star
FFS,OneWorld
FFT,Star
FFU,Star
FFY,OneWorld
FGA,SkyTeam
FGC,Star
FGE,SkyTeam
FGL,SkyTeam
FGN,Star
FGP,Star
FGS,Star
FGT,OneWorld
FGY,Star
FHE,Star
FHL,OneWorld
FHS,OneWorld
FHY,OneWorld
FIA,Star
FIC,Star
FIE,Star
FIF,SkyTeam
FIH,OneWorld
FII,OneWorld
FIL,Star
FIN,Star
FIR,OneWorld
FIV,OneWorld
FIX,Star
FJC,OneWorld
FJE,Star
FJI,SkyTeam
FJL,SkyTeam
FJM,SkyTeam
FJS,OneWorld
FJX,SkyTeam
FKI,SkyTeam
FKL,SkyTeam
FKS,OneWorld
FLA,OneWorld
FLA,Star
FLC,OneWorld
FLD,OneWorld
FLE,SkyTeam
FLF,Star
FLG,Star
FLH,SkyTeam
FLI,OneWorld
FLK,OneWorld
FLL,SkyTeam
FLM,OneWorld
FLN,SkyTeam
FLP,Star
FLR,SkyTeam
FLS,Star
FLT,OneWorld
FLU,SkyTeam
FLW,Star
FLX,OneWorld
FLY,OneWorld
FLZ,OneWorld
FMC,SkyTeam
FMG,Star
FMI,Star
FMR,OneWorld
FMS,Star
FMT,SkyTeam
FMY,OneWorld
FNA,Star
FNC,OneWorld
FNF,OneWorld
FNG,OneWorld
FNK,OneWorld
FNL,OneWorld
FNM,SkyTeam
FNO,Star
FNT,SkyTeam
FNV,OneWorld
FNX,SkyTeam
FNY,OneWorld
FOB,Star
FOC,OneWorld
FOI,Star
FOM,OneWorld
FOP,Star
FOR,SkyTeam
FOS,Star
FOS,SkyTeam
FOX,SkyTeam
FPA,OneWorld
FPG,Star
FPO,SkyTeam
FPR,Star
FPS,SkyTeam
FPY,OneWorld
FPY,SkyTeam
FQA,SkyTeam
FRA,Star
FRB,Star
FRC,Star
FRE,Star
FRE,OneWorld
FRF,OneWorld
FRG,Star
FRJ,OneWorld
FRK,SkyTeam
FRL,OneWorld
FRM,Star
FRN,SkyTeam
FRQ,SkyTeam
FRR,Star
FRT,SkyTeam
FRW,OneWorld
FRX,OneWorld
FSA,OneWorld
FSB,Star
FSC,OneWorld
FSD,SkyTeam
FSH,OneWorld
FSL,Star
FSR,OneWorld
FST,SkyTeam
FSU,Star
FSW,OneWorld
FSX,Star
FSY,OneWorld
FTA,Star
FTC,OneWorld
FTE,OneWorld
FTL,OneWorld
FTM,Star
FTP,SkyTeam
FTR,SkyTeam
FTS,SkyTeam
FTY,OneWorld
FTZ,OneWorld
FUA,OneWorld
FUF,OneWorld
FUJ,OneWorld
FUM,Star
FUN,SkyTeam
FUT,SkyTeam
FVA,SkyTeam
FVK,OneWorld
FVS,OneWorld
FWA,SkyTeam
FWC,OneWorld
FWD,OneWorld
FWI,OneWorld
FWK,SkyTeam
FWL,Star
FWQ,Star
FWR,OneWorld
FWY,Star
FWZ,Star
FXA,OneWorld
FXC,Star
FXF,SkyTeam
FXI,Star
FXL,OneWorld
FXR,SkyTeam
FXT,OneWorld
FXY,Star
FYA,OneWorld
FYE,Star
FYG,OneWorld
FYH,Star
FYN,SkyTeam
FYS,OneWorld
GAA,OneWorld
GAB,SkyTeam
GAC,SkyTeam
GAD,SkyTeam
GAE,OneWorld
GAF,OneWorld
GAG,Star
GAH,SkyTeam
GAI,OneWorld
GAK,OneWorld
GAL,Star
GAM,Star
GAN,SkyTeam
GAO,OneWorld
GAP,Star
GAQ,OneWorld
GAR,SkyTeam
GAS,SkyTeam
GAT,Star
GAU,Star
GAV,Star
GAX,Star
GBB,OneWorld
GBE,OneWorld
GBH,SkyTeam
GBJ,Star
GBL,Star
GBN,OneWorld
GBO,SkyTeam
GBR,SkyTeam
GBS,Star
GBT,OneWorld
GBT,SkyTeam
GBX,OneWorld
GCB,SkyTeam
GCC,Star
GCF,Star
GCH,Star
GCI,SkyTeam
GCK,OneWorld
GCM,OneWorld
GCN,Star
GCO,SkyTeam
GCR,Star
GCS,OneWorld
GCW,Star
GCY,Star
GDA,SkyTeam
GDB,OneWorld
GDD,Star
GDE,OneWorld
GDF,Star
GDG,Star
GDH,OneWorld
GDK,OneWorld
GDN,OneWorld
GDQ,Star
GEA,SkyTeam
GEC,OneWorld
GED,SkyTeam
GEE,Star
GEN,OneWorld
GES,OneWorld
GET,OneWorld
GET,OneWorld
GFA,Star
GFC,SkyTeam
GFD,Star
GFF,SkyTeam
GFG,OneWorld
GFI,Star
GFN,SkyTeam
GFO,Star
GFS,OneWorld
GFT,Star
GFW,SkyTeam
GGA,OneWorld
GGC,Star
GGE,OneWorld
GGF,OneWorld
GGL,Star
GGN,Star
GGS,SkyTeam
GGT,OneWorld
GGV,Star
GGZ,Star
GHA,Star
GHB,OneWorld
GHI,Star
GHL,SkyTeam
GHM,SkyTeam
GHN,OneWorld
GHP,SkyTeam
GHS,OneWorld
GHT,OneWorld
GHV,OneWorld
GHY,OneWorld
GIA,OneWorld
GIB,SkyTeam
GIC,SkyTeam
GIF,OneWorld
GIG,OneWorld
GIH,Star
GIJ,SkyTeam
GIK,Star
GIL,OneWorld
GIP,Star
GIQ,OneWorld
GIY,Star
GIZ,OneWorld
GJA,OneWorld
GJB,SkyTeam
GJS,SkyTeam
GJT,Star
GKA,Star
GLA,SkyTeam
GLB,OneWorld
GLC,Star
GLD,Star
GLE,SkyTeam
GLF,SkyTeam
GLG,OneWorld
GLJ,SkyTeam
GLL,Star
GLM,SkyTeam
GLO,OneWorld
GLP,SkyTeam
GLQ,Star
GLR,OneWorld
GLS,OneWorld
GLT,Star
GLU,OneWorld
GLW,Star
GLX,OneWorld
GMA,SkyTeam
GMC,Star
GME,Star
GMG,Star
GMH,OneWorld
GMI,OneWorld
GMJ,SkyTeam
GML,OneWorld
GMM,OneWorld
GMQ,SkyTeam
GMR,SkyTeam
GMS,OneWorld
GMT,OneWorld
GNA,Star
GNC,OneWorld
GND,OneWorld
GNF,SkyTeam
GNJ,OneWorld
GNL,Star
GNR,OneWorld
GNS,Star
GNT,SkyTeam
GNX,Star
GNY,OneWorld
GNZ,OneWorld
GOA,OneWorld
GOB,Star
GOF,OneWorld
GOI,OneWorld
GOJ,Star
GOL,OneWorld
GOM,SkyTeam
GON,Star
GOP,OneWorld
GOR,Star
GOS,OneWorld
GOT,SkyTeam
GOW,Star
GPA,SkyTeam
GPC,SkyTeam
GPD,Star
GPE,SkyTeam
GPM,SkyTeam
GPR,Star
GRA,OneWorld
GRA,Star
GRD,SkyTeam
GRE,Star
GRE,SkyTeam
GRG,SkyTeam
GRI,SkyTeam
GRL,Star
GRN,OneWorld
GRO,OneWorld
GRP,Star
GRR,Star
GRS,SkyTeam
GRT,Star
GRV,OneWorld
GRX,Star
GRY,SkyTeam
GRZ,SkyTeam
GSA,Star
GSJ,SkyTeam
GSK,Star
GSL,OneWorld
GSM,SkyTeam
GSP,OneWorld
GSS,Star
GSV,OneWorld
GSW,OneWorld
GSW,SkyTeam
GSY,OneWorld
GTC,Star
GTH,OneWorld
GTI,SkyTeam
GTP,Star
GTR,Star
GTV,SkyTeam
GTX,SkyTeam
GTY,Star
GUA,OneWorld
GUE,Star
GUF,SkyTeam
GUG,Star
GUJ,Star
GUL,OneWorld
GUM,Star
GUN,Star
GUS,Star
GUY,OneWorld
GUY,OneWorld
GVG,SkyTeam
GVI,OneWorld
GVN,Star
GWA,Star
GWI,SkyTeam
GWL,Star
GWN,OneWorld
GWS,SkyTeam
GWY,SkyTeam
GXA,SkyTeam
GXL,SkyTeam
GXL,SkyTeam
GXY,OneWorld
GYP,SkyTeam
GZA,SkyTeam
GZD,SkyTeam
GZP,Star
GZQ,Star
HAA,Star
HAC,OneWorld
HAD,Star
HAF,OneWorld
HAG,OneWorld
HAH,Star
HAI,Star
HAJ,SkyTeam
HAK,OneWorld
HAL,SkyTeam
HAM,Star
HAN,Star
HAP,Star
HAR,SkyTeam
HAS,Star
HAT,SkyTeam
HAU,Star
HAV,OneWorld
HAW,SkyTeam
HAX,Star
HAY,OneWorld
HBA,Star
HBC,SkyTeam
HBH,SkyTeam
HBI,SkyTeam
HBL,Star
HBT,OneWorld
HBU,Star
HCA,OneWorld
HCB,OneWorld
HCC,OneWorld
HCK,Star
HCL,OneWorld
HCP,Star
HCV,SkyTeam
HCW,OneWorld
HCY,Star
HDA,Star
HDC,Star
HDI,SkyTeam
HDR,SkyTeam
HEA,SkyTeam
HEB,Star
HEC,SkyTeam
HED,Star
HEI,Star
HEJ,SkyTeam
HEL,SkyTeam
HEM,Star
HEN,Star
HER,SkyTeam
HET,SkyTeam
HEX,Star
HEZ,SkyTeam
HFM,SkyTeam
HFR,SkyTeam
HFY,Star
HGA,SkyTeam
HGB,Star
HGD,SkyTeam
HGH,OneWorld
HGK,OneWorld
HGR,Star
HGT,OneWorld
HHA,OneWorld
HHE,SkyTeam
HHH,SkyTeam
HHI,SkyTeam
HHN,OneWorld
HHO,Star
HHP,Star
HHS,SkyTeam
HIA,Star
HIB,SkyTeam
HID,Star
HIF,Star
HIG,OneWorld
HIM,OneWorld
HIN,OneWorld
HIP,SkyTeam
HIS,Star
HIT,Star
HJA,Star
HJE,OneWorld
HJL,OneWorld
HJT,SkyTeam
HKA,Star
HKB,OneWorld
HKC,SkyTeam
HKE,SkyTeam
HKG,Star
HKH,Star
HKI,OneWorld
HKL,Star
HKN,Star
HKR,Star
HKS,OneWorld
HLA,Star
HLB,SkyTeam
HLC,Star
HLD,Star
HLE,SkyTeam
HLF,SkyTeam
HLG,OneWorld
HLH,OneWorld
HLI,SkyTeam
HLK,Star
HLM,Star
HLN,SkyTeam
HLO,Star
HLP,SkyTeam
HLR,Star
HLS,OneWorld
HLT,SkyTeam
HLT,Star
HLU,Star
HLW,Star
HLX,SkyTeam
HMA,OneWorld
HMC,OneWorld
HMD,SkyTeam
HMF,OneWorld
HMM,Star
HMP,SkyTeam
HMR,SkyTeam
HMS,OneWorld
HMT,OneWorld
HMV,OneWorld
HMX,OneWorld
HMY,OneWorld
HNA,SkyTeam
HNL,Star
HNR,OneWorld
HNT,SkyTeam
HOA,Star
HOG,Star
HOL,Star
HOM,SkyTeam
HOP,Star
HOR,OneWorld
HOZ,OneWorld
HPA,OneWorld
HPJ,SkyTeam
HPL,Star
HPO,SkyTeam
HPR,OneWorld
HPS,OneWorld
HQO,OneWorld
HRA,Star
HRB,OneWorld
HRH,SkyTeam
HRI,Star
HRN,Star
HRS,Star
HRT,OneWorld
HRZ,SkyTeam
HSA,Star
HSE,OneWorld
HSH,SkyTeam
HSI,SkyTeam
HSK,OneWorld
HSM,SkyTeam
HSN,Star
HSO,OneWorld
HSP,Star
HSR,Star
HSS,Star
HSU,SkyTeam
HSV,SkyTeam
HSY,Star
HTA,Star
HTB,OneWorld
HTC,Star
HTE,SkyTeam
HTG,Star
HTI,Star
HTL,OneWorld
HTL,Star
HTN,SkyTeam
HTO,OneWorld
HTP,Star
HTR,OneWorld
HTS,OneWorld
HTT,OneWorld
HTU,Star
HUB,Star
HUC,Star
HUD,Star
HUF,SkyTeam
HUR,SkyTeam
HUS,Star
HUT,OneWorld
HUV,OneWorld
HUY,Star
HVA,SkyTeam
HVK,Star
HVL,OneWorld
HVN,Star
HVY,OneWorld
HWD,SkyTeam
HWY,SkyTeam
HXA,OneWorld
HYA,Star
HYC,Star
HYD,OneWorld
HYH,OneWorld
HYM,Star
HYP,Star
HYR,OneWorld
HYS,Star
HZA,SkyTeam
HZL,SkyTeam
HZT,SkyTeam
HZX,Star
IAA,Star
IAC,OneWorld
IAC,SkyTeam
IAD,SkyTeam
IAD,OneWorld
IAE,SkyTeam
IAF,SkyTeam
IAG,SkyTeam
IAI,OneWorld
IAJ,SkyTeam
IAK,Star
IAM,OneWorld
IAR,Star
IAW,SkyTeam
IAX,Star
IAY,Star
IBB,SkyTeam
IBC,Star
IBE,SkyTeam
IBG,OneWorld
IBK,SkyTeam
IBL,Star
IBR,Star
IBS,Star
IBT,OneWorld
IBU,Star
IBX,Star
IBY,Star
IBZ,OneWorld
ICA,Star
ICB,OneWorld
ICC,Star
ICD,OneWorld
ICE,Star
ICG,OneWorld
ICJ,SkyTeam
ICL,Star
ICM,OneWorld
ICN,SkyTeam
ICN,Star
ICP,Star
ICR,OneWorld
ICS,SkyTeam
ICT,Star
ICV,OneWorld
ICX,SkyTeam
IDA,Star
IDE,OneWorld
IDG,OneWorld
IDL,OneWorld
IDP,OneWorld
IDR,SkyTeam
IEI,SkyTeam
IEP,Star
IFA,Star
IFC,Star
IFF,SkyTeam
IFI,OneWorld
IFL,OneWorld
IFM,OneWorld
IFS,OneWorld
IFT,SkyTeam
IFX,OneWorld
IGA,OneWorld
IGN,OneWorld
IGO,OneWorld
IGS,Star
IHE,OneWorld
IHS,SkyTeam
IIC,OneWorld
IIG,Star
IIL,SkyTeam
IIN,SkyTeam
IJA,OneWorld
IJE,OneWorld
IJM,SkyTeam
IJS,SkyTeam
IJT,OneWorld
IJW,OneWorld
IKA,Star
IKK,Star
IKM,OneWorld
IKN,SkyTeam
IKR,OneWorld
IKY,OneWorld
ILC,Star
ILF,SkyTeam
ILK,Star
ILL,OneWorld
ILN,Star
ILP,Star
ILS,SkyTeam
ILV,SkyTeam
IMA,SkyTeam
IME,SkyTeam
IMG,Star
IMN,SkyTeam
IMR,OneWorld
IMT,Star
IMX,SkyTeam
INA,Star
INC,SkyTeam
IND,OneWorld
ING,SkyTeam
INK,OneWorld
INL,SkyTeam
INO,Star
INP,SkyTeam
INS,Star
INT,SkyTeam
INU,SkyTeam
INV,SkyTeam
INX,Star
IOA,OneWorld
IOA,OneWorld
IOM,Star
IOS,SkyTeam
IPA,SkyTeam
IPL,Star
IPM,OneWorld
IPN,SkyTeam
IPR,OneWorld
IPT,OneWorld
IQQ,Star
IRA,OneWorld
IRB,SkyTeam
IRC,Star
IRD,Star
IRE,OneWorld
IRF,OneWorld
IRG,OneWorld
IRH,OneWorld
IRI,OneWorld
IRJ,OneWorld
IRK,OneWorld
IRL,OneWorld
IRM,OneWorld
IRO,Star
IRO,OneWorld
IRP,Star
IRR,OneWorld
IRU,Star
IRV,OneWorld
IRW,OneWorld
IRX,Star
IRY,OneWorld
IRZ,OneWorld
ISA,Star
ISD,Star
ISF,SkyTeam
ISG,OneWorld
ISI,OneWorld
ISK,OneWorld
ISL,Star
ISL,Star
ISM,Star
ISN,Star
ISR,OneWorld
ISS,SkyTeam
IST,OneWorld
ISV,OneWorld
ISW,OneWorld
ITA,OneWorld
ITC,Star
ITE,Star
ITF,Star
ITH,Star
ITI,Star
ITK,Star
ITN,Star
ITO,SkyTeam
ITR,SkyTeam
ITS,Star
ITU,Star
ITW,SkyTeam
ITX,SkyTeam
ITY,Star
IUS,OneWorld
IVA,OneWorld
IVE,Star
IVJ,OneWorld
IVR,Star
IVS,Star
IVT,Star
IVW,Star
IWD,SkyTeam
IWL,SkyTeam
IWS,Star
IWY,OneWorld
IWY,OneWorld
IXR,SkyTeam
IXX,Star
IYE,Star
IZA,Star
IZG,Star
IZM,SkyTeam
JAA,Star
JAA,OneWorld
JAB,OneWorld
JAC,SkyTeam
JAD,SkyTeam
JAE,SkyTeam
JAF,SkyTeam
JAF,SkyTeam
JAG,SkyTeam
JAI,Star
JAK,SkyTeam
JAL,OneWorld
JAL,SkyTeam
JAM,SkyTeam
JAP,Star
JAR,OneWorld
JAS,Star
JAT,Star
JAT,OneWorld
JAV,SkyTeam
JAW,OneWorld
JAX,SkyTeam
JAZ,Star
JBA,Star
JBR,Star
JBU,OneWorld
JCB,Star
JCC,OneWorld
JCF,SkyTeam
JCH,OneWorld
JCI,Star
JCK,OneWorld
JCM,SkyTeam
JCR,SkyTeam
JCS,SkyTeam
JCT,OneWorld
JCX,Star
JDA,Star
JDC,SkyTeam
JDG,SkyTeam
JDI,SkyTeam
JDI,Star
JDP,Star
JEA,SkyTeam
JEC,Star
JED,OneWorld
JEE,OneWorld
JEF,SkyTeam
JEI,Star
JEJ,OneWorld
JEK,Star
JEL,SkyTeam
JEM,SkyTeam
JEP,SkyTeam
JES,OneWorld
JES,Star
JET,SkyTeam
JEV,OneWorld
JEX,Star
JFA,Star
JFC,Star
JFK,Star
JFL,Star
JFS,SkyTeam
JFU,Star
JFY,SkyTeam
JGD,OneWorld
JGJ,OneWorld
JGO,Star
JHM,SkyTeam
JHN,Star
JIA,Star
JIB,SkyTeam
JIC,Star
JIM,OneWorld
JJA,SkyTeam
JJM,SkyTeam
JJP,SkyTeam
JKA,Star
JKA,Star
JKH,OneWorld
JKK,SkyTeam
JKR,Star
JKT,SkyTeam
JKY,Star
JLA,OneWorld
JLH,SkyTeam
JLH,SkyTeam
JLN,Star
JLX,OneWorld
JMB,OneWorld
JMC,SkyTeam
JMG,OneWorld
JMJ,Star
JMK,Star
JMM,OneWorld
JMP,OneWorld
JMR,SkyTeam
JMT,Star
JMX,SkyTeam
JNA,SkyTeam
JNH,SkyTeam
JNJ,SkyTeam
JNL,OneWorld
JNR,OneWorld
JNV,OneWorld
JNY,Star
JNY,Star
JOA,OneWorld
JOB,SkyTeam
JOL,SkyTeam
JON,Star
JOS,OneWorld
JPA,Star
JPN,Star
JPO,Star
JPQ,SkyTeam
JPR,OneWorld
JRF,OneWorld
JRI,SkyTeam
JRN,OneWorld
JSA,OneWorld
JSE,OneWorld
JSH,Star
JSI,OneWorld
JSJ,OneWorld
JSM,SkyTeam
JSP,Star
JSS,Star
JST,SkyTeam
JSV,OneWorld
JSW,OneWorld
JSX,SkyTeam
JSY,Star
JTA,Star
JTC,OneWorld
JTD,Star
JTE,OneWorld
JTF,OneWorld
JTI,SkyTeam
JTL,Star
JTL,SkyTeam
JTM,SkyTeam
JTN,OneWorld
JTN,SkyTeam
JTR,OneWorld
JTS,Star
JTT,SkyTeam
JTU,Star
JTX,Star
JTY,Star
JUA,Star
JUB,SkyTeam
JUC,OneWorld
JUR,Star
JUS,SkyTeam
JVK,OneWorld
JWD,OneWorld
JWY,OneWorld
JXA,SkyTeam
JXT,SkyTeam
JXX,OneWorld
JYH,SkyTeam
JZA,Star
JZR,Star
KAA,Star
KAC,SkyTeam
KAD,SkyTeam
KAE,Star
KAH,SkyTeam
KAI,SkyTeam
KAJ,OneWorld
KAL,SkyTeam
KAM,Star
KAO,OneWorld
KAP,OneWorld
KAR,OneWorld
KAS,SkyTeam
KAT,OneWorld
KAV,Star
KAW,Star
KAZ,OneWorld
KBA,OneWorld
KBN,OneWorld
KBV,Star
KCA,SkyTeam
KCE,SkyTeam
KCH,SkyTeam
KCR,OneWorld
KDA,SkyTeam
KDC,OneWorld
KDR,Star
KDZ,Star
KEE,Star
KEK,SkyTeam
KEM,OneWorld
KEN,Star
KES,SkyTeam
KEW,SkyTeam
KEY,SkyTeam
KFA,OneWorld
KFC,OneWorld
KFE,SkyTeam
KFK,SkyTeam
KFR,SkyTeam
KFS,Star
KFT,SkyTeam
KGA,OneWorld
KGB,Star
KGC,OneWorld
KGD,OneWorld
KGL,SkyTeam
KGT,OneWorld
KGZ,Star
KGZ,SkyTeam
KHA,OneWorld
KHB,Star
KHC,SkyTeam
KHE,OneWorld
KHH,OneWorld
KHK,SkyTeam
KHO,SkyTeam
KHP,Star
KHR,Star
KHV,Star
KHV,OneWorld
KHX,SkyTeam
KHY,Star
KIA,OneWorld
KIE,Star
KII,Star
KIL,SkyTeam
KIN,SkyTeam
KIP,Star
KIS,OneWorld
KIW,SkyTeam
KIZ,SkyTeam
KJC,OneWorld
KKA,SkyTeam
KKB,Star
KKK,Star
KKS,Star
KLA,OneWorld
KLB,Star
KLC,OneWorld
KLC,OneWorld
KLD,OneWorld
KLE,Star
KLG,Star
KLH,SkyTeam
KLM,SkyTeam
KLO,Star
KLR,Star
KLS,Star
KLX,OneWorld
KLZ,Star
KMA,OneWorld
KMB,Star
KMC,Star
KME,Star
KMF,SkyTeam
KMG,SkyTeam
KMI,Star
KMP,SkyTeam
KMR,SkyTeam
KMV,OneWorld
KNA,OneWorld
KNE,Star
KNG,OneWorld
KNI,SkyTeam
KNM,SkyTeam
KNM,Star
KNS,SkyTeam
KNX,OneWorld
KOA,OneWorld
KOB,SkyTeam
KOE,OneWorld
KOK,Star
KOM,SkyTeam
KOP,Star
KOR,Star
KOS,SkyTeam
KOV,Star
KOY,OneWorld
KPA,SkyTeam
KPH,SkyTeam
KPM,Star
KQA,Star
KRA,OneWorld
KRA,OneWorld
KRB,SkyTeam
KRC,OneWorld
KRE,Star
KRF,Star
KRG,SkyTeam
KRH,OneWorld
KRI,SkyTeam
KRM,OneWorld
KRN,OneWorld
KRO,Star
KRP,OneWorld
KRS,Star
KRT,Star
KRV,Star
KSA,SkyTeam
KSI,SkyTeam
KSM,OneWorld
KSP,OneWorld
KSS,OneWorld
KST,OneWorld
KSU,SkyTeam
KTA,SkyTeam
KTB,Star
KTC,SkyTeam
KTK,OneWorld
KTL,Star
KTN,OneWorld
KTR,Star
KTS,OneWorld
KTV,Star
KUS,OneWorld
KVK,SkyTeam
KVR,SkyTeam
KVS,Star
KVZ,SkyTeam
KWA,Star
KWN,Star
KWX,SkyTeam
KYC,Star
KYD,Star
KYE,SkyTeam
KYM,SkyTeam
KYR,SkyTeam
KYV,OneWorld
KZA,OneWorld
KZE,Star
KZH,OneWorld
KZM,SkyTeam
KZR,OneWorld
KZS,OneWorld
KZU,SkyTeam
KZW,SkyTeam
LAA,OneWorld
LAB,OneWorld
LAC,SkyTeam
LAD,SkyTeam
LAF,OneWorld
LAG,SkyTeam
LAH,Star
LAJ,SkyTeam
LAL,OneWorld
LAM,SkyTeam
LAN,OneWorld
LAO,OneWorld
LAP,Star
LAP,OneWorld
LAQ,OneWorld
LAR,OneWorld
LAT,SkyTeam
LAU,SkyTeam
LAV,OneWorld
LAW,Star
LAX,SkyTeam
LAY,OneWorld
LAZ,Star
LBC,SkyTeam
LBH,SkyTeam
LBI,OneWorld
LBQ,OneWorld
LBR,SkyTeam
LBR,Star
LBT,SkyTeam
LBW,Star
LBY,Star
LBZ,SkyTeam
LCA,Star
LCB,SkyTeam
LCC,Star
LCD,OneWorld
LCG,OneWorld
LCH,Star
LCM,OneWorld
LCN,SkyTeam
LCO,Star
LCR,Star
LCS,OneWorld
LCT,OneWorld
LCT,SkyTeam
LCY,Star
LDA,OneWorld
LDE,Star
LDG,SkyTeam
LDI,SkyTeam
LDL,OneWorld
LDM,Star
LDN,Star
LDR,Star
LEA,SkyTeam
LEB,SkyTeam
LEC,SkyTeam
LED,SkyTeam
LEE,SkyTeam
LEG,OneWorld
LEJ,OneWorld
LEL,Star
LEM,Star
LEN,Star
LEP,OneWorld
LEP,SkyTeam
LER,Star
LET,Star
LEU,OneWorld
LEX,OneWorld
LFA,SkyTeam
LFC,Star
LFE,SkyTeam
LFI,SkyTeam
LFL,Star
LFO,Star
LFP,SkyTeam
LFR,Star
LFT,SkyTeam
LGA,Star
LGC,Star
LGD,OneWorld
LGL,OneWorld
LGN,Star
LGT,Star
LGU,OneWorld
LGW,SkyTeam
LHA,Star
LHB,Star
LHC,Star
LHN,Star
LHR,Star
LHS,SkyTeam
LHT,SkyTeam
LHX,SkyTeam
LIA,OneWorld
LIB,Star
LIB,Star
LID,Star
LIE,OneWorld
LIF,Star
LIJ,Star
LIL,OneWorld
LIN,OneWorld
LIQ,SkyTeam
LIR,SkyTeam
LIS,Star
LIV,OneWorld
LJA,OneWorld
LJY,SkyTeam
LKA,SkyTeam
LKD,Star
LKE,SkyTeam
LKL,SkyTeam
LKN,SkyTeam
LKP,OneWorld
LKR,Star
LKS,SkyTeam
LKW,OneWorld
LKY,Star
LLA,Star
LLB,Star
LLC,SkyTeam
LLD,OneWorld
LLI,OneWorld
LLL,SkyTeam
LLM,Star
LLO,Star
LLP,SkyTeam
LLR,SkyTeam
LLR,SkyTeam
LLS,Star
LLX,SkyTeam
LMA,OneWorld
LMC,Star
LME,SkyTeam
LMG,SkyTeam
LMJ,Star
LMK,SkyTeam
LML,OneWorld
LMN,SkyTeam
LMO,Star
LMP,OneWorld
LMR,Star
LMS,SkyTeam
LMT,Star
LMU,Star
LMX,Star
LMY,Star
LMZ,Star
LNA,Star
LNC,Star
LNE,SkyTeam
LNG,Star
LNI,Star
LNK,OneWorld
LNP,Star
LNT,OneWorld
LNX,OneWorld
LOD,SkyTeam
LOF,Star
LOG,Star
LOK,SkyTeam
LOP,Star
LOR,Star
LOS,Star
LOT,OneWorld
LOU,SkyTeam
LOV,OneWorld
LPA,OneWorld
LPA,Star
LPC,Star
LPD,Star
LPE,OneWorld
LPL,Star
LPN,SkyTeam
LPR,SkyTeam
LPV,OneWorld
LRA,SkyTeam
LRB,SkyTeam
LRC,Star
LRD,OneWorld
LRO,OneWorld
LRR,OneWorld
LRS,Star
LRT,SkyTeam
LRW,OneWorld
LSA,OneWorld
LSC,OneWorld
LSE,SkyTeam
LSK,Star
LSM,OneWorld
LSP,SkyTeam
LSR,Star
LSS,Star
LSU,SkyTeam
LSV,OneWorld
LSY,OneWorld
LTA,SkyTeam
LTA,SkyTeam
LTC,OneWorld
LTD,SkyTeam
LTE,Star
LTF,Star
LTI,Star
LTL,Star
LTO,SkyTeam
LTR,SkyTeam
LTS,SkyTeam
LTU,Star
LTW,SkyTeam
LTY,Star
LUC,SkyTeam
LUE,OneWorld
LUK,SkyTeam
LUR,SkyTeam
LUT,Star
LUV,Star
LUZ,OneWorld
LVB,SkyTeam
LVD,SkyTeam
LVG,OneWorld
LVL,Star
LVN,Star
LVR,Star
LVT,OneWorld
LWA,OneWorld
LWD,OneWorld
LWG,OneWorld
LWL,Star
LXA,Star
LXF,Star
LXG,Star
LXJ,SkyTeam
LXO,SkyTeam
LXP,Star
LXR,OneWorld
LYB,Star
LYC,OneWorld
LYD,Star
LYF,Star
LYH,Star
LYM,OneWorld
LYN,Star
LYN,Star
LYT,SkyTeam
LYW,Star
LYX,Star
LZA,Star
LZB,Star
LZF,OneWorld
LZP,OneWorld
LZR,Star
LZT,SkyTeam
MAA,SkyTeam
MAB,SkyTeam
MAC,SkyTeam
MAC,OneWorld
MAD,SkyTeam
MAE,OneWorld
MAF,Star
MAH,Star
MAI,OneWorld
MAJ,Star
MAK,Star
MAL,SkyTeam
MAM,Star
MAN,OneWorld
MAQ,Star
MAR,SkyTeam
MAS,Star
MAT,Star
MAU,SkyTeam
MAV,SkyTeam
MAW,SkyTeam
MAX,OneWorld
MAY,Star
MAZ,OneWorld
MBA,Star
MBB,SkyTeam
MBC,Star
MBE,Star
MBG,OneWorld
MBI,SkyTeam
MBL,OneWorld
MBN,Star
MBO,OneWorld
MBR,Star
MBS,SkyTeam
MBV,SkyTeam
MCB,OneWorld
MCC,SkyTeam
MCD,OneWorld
MCE,Star
MCF,Star
MCG,SkyTeam
MCH,OneWorld
MCJ,SkyTeam
MCK,SkyTeam
MCL,OneWorld
MCM,OneWorld
MCN,SkyTeam
MCO,SkyTeam
MCP,Star
MCS,Star
MCT,Star
MCV,SkyTeam
MCX,Star
MCY,SkyTeam
MDA,Star
MDB,OneWorld
MDC,Star
MDE,Star
MDF,OneWorld
MDG,SkyTeam
MDH,Star
MDJ,Star
MDL,Star
MDL,SkyTeam
MDM,Star
MDN,Star
MDR,SkyTeam
MDS,Star
MDT,Star
MDV,SkyTeam
MDW,SkyTeam
MDW,SkyTeam
MDX,SkyTeam
MDY,OneWorld
MEA,SkyTeam
MEC,OneWorld
MED,Star
MEE,SkyTeam
MEF,OneWorld
MEI,Star
MEJ,Star
MEK,OneWorld
MEL,SkyTeam
MEM,SkyTeam
MEP,SkyTeam
MER,SkyTeam
MES,OneWorld
MET,SkyTeam
MEX,SkyTeam
MEY,OneWorld
MFA,OneWorld
MFB,Star
MFC,Star
MFL,SkyTeam
MFR,OneWorld
MFS,Star
MFT,SkyTeam
MFZ,OneWorld
MGA,Star
MGB,OneWorld
MGE,Star
MGG,SkyTeam
MGI,SkyTeam
MGK,OneWorld
MGL,Star
MGM,OneWorld
MGO,SkyTeam
MGR,OneWorld
MGS,OneWorld
MGX,OneWorld
MHA,SkyTeam
MHC,SkyTeam
MHD,Star
MHF,Star
MHL,SkyTeam
MHN,OneWorld
MHQ,OneWorld
MHS,Star
MHU,SkyTeam
MHV,Star
MIA,Star
MIC,OneWorld
MID,SkyTeam
MIE,SkyTeam
MIF,OneWorld
MIG,Star
MIM,OneWorld
MIR,SkyTeam
MIS,SkyTeam
MIT,SkyTeam
MIZ,Star
MJB,Star
MJC,Star
MJF,SkyTeam
MJL,Star
MJM,SkyTeam
MJN,Star
MJR,SkyTeam
MJT,Star
MKA,Star
MKG,SkyTeam
MKH,SkyTeam
MKK,SkyTeam
MKL,SkyTeam
MKN,Star
MKO,Star
MKS,SkyTeam
MKY,Star
MLA,SkyTeam
MLB,OneWorld
MLC,Star
MLD,OneWorld
MLE,OneWorld
MLF,OneWorld
MLG,SkyTeam
MLH,Star
MLI,OneWorld
MLK,Star
MLL,Star
MLM,SkyTeam
MLN,Star
MLO,Star
MLR,SkyTeam
MLS,Star
MLT,OneWorld
MLU,OneWorld
MLV,OneWorld
MLX,SkyTeam
MMA,SkyTeam
MMC,SkyTeam
MMD,Star
MMG,SkyTeam
MMH,Star
MMI,OneWorld
MMJ,OneWorld
MML,Star
MMM,OneWorld
MMP,SkyTeam
MMR,Star
MMS,SkyTeam
MMX,SkyTeam
MMZ,OneWorld
MNA,OneWorld
MNB,OneWorld
MNC,OneWorld
MNE,SkyTeam
MNE,Star
MNG,SkyTeam
MNH,OneWorld
MNI,SkyTeam
MNJ,SkyTeam
MNL,SkyTeam
MNO,SkyTeam
MNR,SkyTeam
MNS,SkyTeam
MNT,Star
MNU,SkyTeam
MNV,SkyTeam
MNX,SkyTeam
MNY,SkyTeam
MNZ,Star
MOC,OneWorld
MOH,OneWorld
MON,OneWorld
MOP,OneWorld
MOR,OneWorld
MOS,OneWorld
MOV,SkyTeam
MOW,SkyTeam
MPA,OneWorld
MPC,OneWorld
MPD,Star
MPH,OneWorld
MPI,OneWorld
MPJ,OneWorld
MPL,SkyTeam
MPO,SkyTeam
MPR,SkyTeam
MPS,Star
MPT,SkyTeam
MPX,SkyTeam
MQT,OneWorld
MRA,Star
MRD,Star
MRE,SkyTeam
MRF,SkyTeam
MRG,SkyTeam
MRH,OneWorld
MRI,SkyTeam
MRK,SkyTeam
MRK,Star
MRL,Star
MRM,OneWorld
MRN,Star
MRO,SkyTeam
MRP,SkyTeam
MRR,Star
MRT,SkyTeam
MRW,Star
MRX,OneWorld
MRY,SkyTeam
MRZ,Star
MSA,Star
MSA,SkyTeam
MSC,SkyTeam
MSF,OneWorld
MSF,Star
MSG,Star
MSH,OneWorld
MSI,OneWorld
MSJ,OneWorld
MSK,Star
MSK,OneWorld
MSL,OneWorld
MSM,OneWorld
MSN,Star
MSN,SkyTeam
MSO,SkyTeam
MSP,SkyTeam
MSQ,Star
MSR,Star
MSS,SkyTeam
MSV,SkyTeam
MSW,OneWorld
MSX,Star
MSY,SkyTeam
MTA,SkyTeam
MTB,SkyTeam
MTC,SkyTeam
MTD,SkyTeam
MTE,OneWorld
MTG,Star
MTH,OneWorld
MTI,OneWorld
MTJ,OneWorld
MTK,OneWorld
MTL,SkyTeam
MTN,OneWorld
MTO,OneWorld
MTP,Star
MTR,Star
MTS,SkyTeam
MTS,Star
MTU,OneWorld
MTV,OneWorld
MTX,Star
MTY,SkyTeam
MTZ,Star
MUA,OneWorld
MUI,Star
MUL,SkyTeam
MUN,OneWorld
MUR,Star
MVA,SkyTeam
MVD,OneWorld
MVG,Star
MVI,OneWorld
MVK,SkyTeam
MVL,OneWorld
MVM,OneWorld
MVN,SkyTeam
MVR,SkyTeam
MVY,OneWorld
MWA,Star
MWG,Star
MWI,SkyTeam
MWM,OneWorld
MWR,OneWorld
MWS,OneWorld
MWT,Star
MWY,Star
MXA,SkyTeam
MXB,OneWorld
MXC,Star
MXD,OneWorld
MXE,OneWorld
MXF,SkyTeam
MXJ,Star
MXL,Star
MXO,SkyTeam
MXP,SkyTeam
MXQ,OneWorld
MXS,Star
MXS,Star
MXT,SkyTeam
MXU,SkyTeam
MXX,OneWorld
MXY,OneWorld
MYA,OneWorld
MYD,OneWorld
MYI,Star
MYM,Star
MYO,SkyTeam
MYP,Star
MYS,Star
MYT,Star
MYW,Star
MYX,SkyTeam
MZA,SkyTeam
MZE,Star
MZK,SkyTeam
MZL,Star
MZS,Star
NAA,SkyTeam
NAB,Star
NAC,Star
NAD,OneWorld
NAE,SkyTeam
NAE,OneWorld
NAF,OneWorld
NAH,OneWorld
NAI,SkyTeam
NAJ,SkyTeam
NAK,OneWorld
NAL,SkyTeam
NAL,SkyTeam
NAM,OneWorld
NAN,OneWorld
NAN,OneWorld
NAO,OneWorld
NAP,OneWorld
NAR,Star
NAS,Star
NAT,OneWorld
NAU,Star
NAU,Star
NAV,SkyTeam
NAY,SkyTeam
NAZ,OneWorld
NBE,Star
NBK,Star
NBL,OneWorld
NBN,Star
NBR,OneWorld
NBS,SkyTeam
NBT,OneWorld
NCA,Star
NCB,SkyTeam
NCC,SkyTeam
NCE,OneWorld
NCF,OneWorld
NCG,OneWorld
NCH,OneWorld
NCL,SkyTeam
NCM,OneWorld
NCN,SkyTeam
NCN,SkyTeam
NCO,SkyTeam
NCP,Star
NCR,Star
NCS,Star
NCT,Star
NCT,SkyTeam
NDA,SkyTeam
NDC,SkyTeam
NDF,OneWorld
NDS,Star
NDU,SkyTeam
NEA,SkyTeam
NEB,SkyTeam
NEC,Star
NEE,SkyTeam
NEF,Star
NEG,OneWorld
NEJ,SkyTeam
NEL,SkyTeam
NEN,SkyTeam
NER,SkyTeam
NES,Star
NET,SkyTeam
NEW,Star
NEX,Star
NEZ,Star
NFA,SkyTeam
NFC,Star
NFF,Star
NFL,Star
NFS,SkyTeam
NFT,OneWorld
NGA,OneWorld
NGC,SkyTeam
NGE,Star
NGF,SkyTeam
NGF,OneWorld
NGK,OneWorld
NGO,OneWorld
NGP,SkyTeam
NGR,OneWorld
NGV,SkyTeam
NGX,SkyTeam
NHC,Star
NHG,SkyTeam
NHK,SkyTeam
NHL,Star
NHR,SkyTeam
NHT,OneWorld
NHV,SkyTeam
NHZ,SkyTeam
NIC,SkyTeam
NID,Star
NIE,Star
NIG,OneWorld
NIH,Star
NIN,SkyTeam
NIN,SkyTeam
NIR,OneWorld
NIS,Star
NIT,Star
NJA,SkyTeam
NJC,OneWorld
NJE,SkyTeam
NJS,OneWorld
NKF,OneWorld
NKL,Star
NKP,SkyTeam
NKS,OneWorld
NKV,OneWorld
NKY,Star
NKZ,Star
NLA,OneWorld
NLC,OneWorld
NLG,SkyTeam
NLH,OneWorld
NLK,OneWorld
NLL,Star
NLS,SkyTeam
NLT,SkyTeam
NLW,OneWorld
NLY,SkyTeam
NMB,OneWorld
NMD,OneWorld
NMI,SkyTeam
NML,Star
NOA,Star
NOC,SkyTeam
NOF,OneWorld
NOH,OneWorld
NOK,Star
NOL,Star
NON,SkyTeam
NOR,OneWorld
NOS,OneWorld
NOT,SkyTeam
NOV,OneWorld
NOW,OneWorld
NOY,Star
NOZ,OneWorld
NPC,SkyTeam
NPL,SkyTeam
NPO,Star
NPR,OneWorld
NPT,SkyTeam
NPX,SkyTeam
NRC,Star
NRD,SkyTeam
NRE,SkyTeam
NRG,SkyTeam
NRK,SkyTeam
NRL,SkyTeam
NRN,OneWorld
NRO,OneWorld
NRP,OneWorld
NRR,SkyTeam
NRS,OneWorld
NRS,Star
NRT,SkyTeam
NRV,SkyTeam
NRW,Star
NRX,OneWorld
NRZ,SkyTeam
NSA,OneWorld
NSC,OneWorld
NSE,SkyTeam
NSF,OneWorld
NSK,Star
NSL,Star
NSM,Star
NSO,Star
NSP,Star
NSR,OneWorld
NSR,Star
NSS,OneWorld
NSW,SkyTeam
NSZ,SkyTeam
NTA,OneWorld
NTB,SkyTeam
NTC,Star
NTD,Star
NTE,Star
NTG,Star
NTH,Star
NTJ,OneWorld
NTK,Star
NTL,OneWorld
NTR,SkyTeam
NTS,OneWorld
NTT,OneWorld
NTV,Star
NTW,SkyTeam
NTX,Star
NUB,OneWorld
NUL,SkyTeam
NUN,SkyTeam
NVA,SkyTeam
NVA,Star
NVC,OneWorld
NVD,OneWorld
NVG,Star
NVI,OneWorld
NVJ,SkyTeam
NVK,Star
NVL,OneWorld
NVM,Star
NVP,OneWorld
NVQ,Star
NVR,SkyTeam
NVY,OneWorld
NWA,SkyTeam
NWD,SkyTeam
NWE,Star
NWG,OneWorld
NWL,SkyTeam
NWN,Star
NWO,SkyTeam
NWR,Star
NWS,SkyTeam
NWT,Star
NWW,OneWorld
NWZ,OneWorld
NXA,OneWorld
NXF,Star
NXS,Star
NXT,OneWorld
NYA,Star
NYB,OneWorld
NYH,Star
NYL,SkyTeam
NYS,OneWorld
NYT,SkyTeam
NZA,Star
NZM,SkyTeam
OAA,OneWorld
OAC,Star
OAD,SkyTeam
OAE,Star
OAL,Star
OAL,Star
OAO,OneWorld
OAP,SkyTeam
OAR,OneWorld
OAV,SkyTeam
OAW,Star
OAX,OneWorld
OBA,Star
OBK,OneWorld
OCA,OneWorld
OCE,SkyTeam
OCM,SkyTeam
OCN,Star
OCN,OneWorld
OCO,SkyTeam
OCS,OneWorld
ODI,OneWorld
ODM,OneWorld
ODS,SkyTeam
ODY,OneWorld
OEA,OneWorld
OEC,OneWorld
OED,SkyTeam
OES,Star
OFA,OneWorld
OFF,Star
OGI,OneWorld
OGJ,SkyTeam
OGN,Star
OHK,OneWorld
OHY,OneWorld
OIC,OneWorld
OIX,SkyTeam
OJY,Star
OKA,SkyTeam
OKJ,SkyTeam
OKL,Star
OKP,Star
OKS,OneWorld
OKT,SkyTeam
OLA,Star
OLC,SkyTeam
OLE,SkyTeam
OLO,OneWorld
OLR,Star
OLT,Star
OLV,Star
OLX,Star
OLY,SkyTeam
OMA,Star
OMD,OneWorld
OMF,SkyTeam
OMG,Star
OML,Star
OMN,SkyTeam
OMR,OneWorld
OMS,Star
ONE,SkyTeam
ONG,OneWorld
ONI,Star
ONM,Star
ONR,SkyTeam
ONS,SkyTeam
ONT,OneWorld
OOM,OneWorld
OOT,Star
OPA,OneWorld
OPC,OneWorld
OPS,OneWorld
OPT,Star
OPV,Star
ORA,OneWorld
ORB,OneWorld
ORD,Star
ORE,OneWorld
ORF,Star
ORJ,SkyTeam
ORK,OneWorld
ORL,OneWorld
ORM,Star
ORN,SkyTeam
ORN,Star
ORO,OneWorld
ORP,OneWorld
ORR,Star
ORS,Star
ORT,Star
ORX,SkyTeam
ORZ,SkyTeam
ORZ,OneWorld
OSA,Star
OSH,OneWorld
OSL,SkyTeam
OSN,Star
OSO,OneWorld
OSS,OneWorld
OST,Star
OST,Star
OSU,OneWorld
OSW,OneWorld
OSY,SkyTeam
OTA,OneWorld
OTA,Star
OTG,OneWorld
OTL,Star
OTM,Star
OTN,OneWorld
OTP,SkyTeam
OTR,SkyTeam
OU,SkyTeam
OUF,Star
OUL,OneWorld
OVA,Star
OVC,Star
OVE,Star
OVI,Star
OVV,OneWorld
OWE,SkyTeam
OWL,SkyTeam
OWN,Star
OXE,SkyTeam
OXO,SkyTeam
OYE,OneWorld
OZJ,OneWorld
OZR,OneWorld
OZU,OneWorld
OZW,OneWorld
PAA,SkyTeam
PAA,SkyTeam
PAB,Star
PAC,OneWorld
PAD,SkyTeam
PAE,Star
PAG,OneWorld
PAH,OneWorld
PAI,Star
PAI,OneWorld
PAJ,OneWorld
PAK,OneWorld
PAL,Star
PAM,SkyTeam
PAO,Star
PAP,SkyTeam
PAQ,Star
PAR,Star
PAS,OneWorld
PAT,OneWorld
PAV,Star
PAW,SkyTeam
PAX,Star
PAZ,OneWorld
PBA,OneWorld
PBB,Star
PBD,SkyTeam
PBN,SkyTeam
PBR,Star
PBT,Star
PBU,OneWorld
PBW,OneWorld
PBY,SkyTeam
PCA,Star
PCC,SkyTeam
PCE,OneWorld
PCG,Star
PCH,SkyTeam
PCJ,OneWorld
PCK,OneWorld
PCL,OneWorld
PCM,SkyTeam
PCN,SkyTeam
PCO,Star
PCP,OneWorld
PCR,SkyTeam
PCS,Star
PCV,SkyTeam
PCW,Star
PCX,OneWorld
PDA,Star
PDC,Star
PDD,SkyTeam
PDF,OneWorld
PDG,Star
PDI,OneWorld
PDQ,SkyTeam
PDR,Star
PDT,SkyTeam
PDV,Star
PDY,SkyTeam
PEA,OneWorld
PEB,Star
PEC,SkyTeam
PEI,SkyTeam
PEL,Star
PEM,SkyTeam
PEN,Star
PEO,OneWorld
PER,OneWorld
PET,OneWorld
PEV,OneWorld
PEV,SkyTeam
PEX,SkyTeam
PFA,OneWorld
PFI,Star
PFN,Star
PFR,OneWorld
PFS,SkyTeam
PFT,Star
PFY,SkyTeam
PFZ,SkyTeam
PGA,OneWorld
PGF,OneWorld
PGH,Star
PGI,SkyTeam
PGL,SkyTeam
PGP,Star
PGS,OneWorld
PGT,SkyTeam
PGX,Star
PHA,OneWorld
PHB,OneWorld
PHC,Star
PHD,SkyTeam
PHE,SkyTeam
PHG,SkyTeam
PHH,Star
PHI,Star
PHL,SkyTeam
PHM,OneWorld
PHN,Star
PHO,SkyTeam
PHR,Star
PHS,SkyTeam
PHT,OneWorld
PHU,SkyTeam
PHV,SkyTeam
PHW,SkyTeam
PHY,SkyTeam
PIA,SkyTeam
PIC,Star
PIE,Star
PIF,Star
PIK,OneWorld
PIL,OneWorld
PIM,SkyTeam
PIN,OneWorld
PIO,OneWorld
PIP,OneWorld
PIR,OneWorld
PIU,Star
PIV,SkyTeam
PIX,SkyTeam
PJA,OneWorld
PJE,SkyTeam
PJP,SkyTeam
PJS,OneWorld
PKA,OneWorld
PKP,OneWorld
PKR,Star
PKW,Star
PKZ,SkyTeam
PLA,OneWorld
PLB,SkyTeam
PLC,Star
PLF,Star
PLG,Star
PLI,OneWorld
PLK,OneWorld
PLL,SkyTeam
PLM,OneWorld
PLN,SkyTeam
PLR,SkyTeam
PLS,SkyTeam
PLT,OneWorld
PLU,Star
PLX,Star
PLY,OneWorld
PLZ,SkyTeam
PMA,SkyTeam
PMC,SkyTeam
PME,SkyTeam
PMI,OneWorld
PMM,Star
PMO,SkyTeam
PMR,SkyTeam
PMS,SkyTeam
PMT,Star
PMU,OneWorld
PMV,OneWorld
PMW,OneWorld
PMX,SkyTeam
PMY,Star
PNA,SkyTeam
PNA,OneWorld
PNC,SkyTeam
PNC,Star
PND,Star
PNE,OneWorld
PNF,Star
PNG,SkyTeam
PNH,SkyTeam
PNK,Star
PNL,OneWorld
PNM,SkyTeam
PNP,Star
PNR,Star
PNS,OneWorld
PNT,OneWorld
PNU,Star
PNW,Star
PNX,Star
PNX,OneWorld
PNY,Star
POA,OneWorld
POB,Star
POC,OneWorld
POE,OneWorld
POF,Star
POI,SkyTeam
POL,Star
PON,SkyTeam
POR,OneWorld
POT,OneWorld
POV,SkyTeam
POW,OneWorld
POY,OneWorld
PPA,Star
PPC,OneWorld
PPG,Star
PPH,SkyTeam
PPK,OneWorld
PPM,Star
PPQ,Star
PPS,OneWorld
PPW,OneWorld
PQA,OneWorld
PRA,OneWorld
PRC,OneWorld
PRD,OneWorld
PRE,Star
PRF,Star
PRG,OneWorld
PRH,Star
PRI,Star
PRI,SkyTeam
PRL,SkyTeam
PRM,SkyTeam
PRN,SkyTeam
PRO,OneWorld
PRP,OneWorld
PRR,Star
PRT,SkyTeam
PRT,SkyTeam
PRV,SkyTeam
PRW,Star
PRX,Star
PRY,SkyTeam
PRZ,OneWorld
PSA,OneWorld
PSC,Star
PSD,Star
PSE,SkyTeam
PSF,Star
PSG,OneWorld
PSH,Star
PSI,Star
PSL,SkyTeam
PSN,SkyTeam
PSO,OneWorld
PSP,SkyTeam
PSR,OneWorld
PSS,OneWorld
PST,Star
PSV,SkyTeam
PSW,Star
PSZ,OneWorld
PTA,Star
PTB,OneWorld
PTC,Star
PTD,SkyTeam
PTE,Star
PTH,SkyTeam
PTI,SkyTeam
PTK,SkyTeam
PTL,Star
PTM,OneWorld
PTN,SkyTeam
PTO,Star
PTO,SkyTeam
PTP,Star
PTQ,OneWorld
PTR,Star
PTS,OneWorld
PTT,SkyTeam
PTV,Star
PTY,Star
PUA,OneWorld
PUE,SkyTeam
PUR,SkyTeam
PUT,Star
PUV,SkyTeam
PVA,Star
PVG,OneWorld
PVI,OneWorld
PVK,Star
PVL,SkyTeam
PVN,Star
PVO,SkyTeam
PVU,OneWorld
PVV,Star
PWA,Star
PWC,SkyTeam
PWD,OneWorld
PWD,SkyTeam
PWF,OneWorld
PWL,OneWorld
PXA,Star
PXG,SkyTeam
PXP,Star
PXR,Star
PXT,SkyTeam
PXX,SkyTeam
PYC,Star
PYN,SkyTeam
PYR,Star
PYZ,Star
PZA,Star
PZR,SkyTeam
PZY,SkyTeam
QAC,OneWorld
QAF,OneWorld
QAH,Star
QAI,Star
QAJ,OneWorld
QAQ,Star
QAS,SkyTeam
QAT,SkyTeam
QCC,OneWorld
QCL,OneWorld
QDA,SkyTeam
QEA,Star
QFA,OneWorld
QGA,OneWorld
QID,Star
QJE,Star
QKC,Star
QLA,Star
QLK,OneWorld
QNA,Star
QNK,SkyTeam
QNT,OneWorld
QNZ,OneWorld
QQE,Star
QRT,OneWorld
QSC,OneWorld
QSM,SkyTeam
QSR,OneWorld
QTR,OneWorld
QTX,Star
QUE,SkyTeam
QUI,Star
QVR,OneWorld
QWA,OneWorld
QWL,Star
QXE,OneWorld
RAA,OneWorld
RAC,OneWorld
RAD,Star
RAE,Star
RAF,OneWorld
RAG,OneWorld
RAG,Star
RAH,OneWorld
RAI,Star
RAJ,Star
RAK,Star
RAL,OneWorld
RAM,SkyTeam
RAN,Star
RAP,Star
RAQ,SkyTeam
RAR,Star
RAS,OneWorld
RAT,OneWorld
RAU,SkyTeam
RAV,OneWorld
RAX,OneWorld
RAZ,Star
RBA,OneWorld
RBB,Star
RBC,Star
RBD,OneWorld
RBE,SkyTeam
RBG,SkyTeam
RBH,Star
RBJ,Star
RBN,Star
RBR,Star
RBT,Star
RBU,Star
RBV,SkyTeam
RBW,SkyTeam
RBY,Star
RCA,Star
RCB,OneWorld
RCC,Star
RCD,OneWorld
RCE,Star
RCF,Star
RCG,Star
RCH,Star
RCI,OneWorld
RCJ,OneWorld
RCK,SkyTeam
RCO,OneWorld
RCP,OneWorld
RCQ,SkyTeam
RCT,OneWorld
RCU,SkyTeam
RCX,Star
RCY,Star
RDD,OneWorld
RDE,OneWorld
RDK,SkyTeam
RDK,OneWorld
RDL,SkyTeam
RDM,OneWorld
RDP,SkyTeam
RDR,Star
RDS,Star
RDV,Star
RDW,OneWorld
RDZ,Star
REA,SkyTeam
REB,SkyTeam
REC,SkyTeam
RED,OneWorld
REF,SkyTeam
REG,SkyTeam
REI,OneWorld
REJ,SkyTeam
REK,SkyTeam
REL,Star
REN,OneWorld
REO,OneWorld
REP,OneWorld
REP,OneWorld
RER,OneWorld
RES,SkyTeam
REU,OneWorld
REV,OneWorld
REW,SkyTeam
REX,SkyTeam
REY,SkyTeam
REZ,Star
RFA,SkyTeam
RFC,Star
RFD,Star
RFF,Star
RFI,Star
RFL,OneWorld
RFR,OneWorld
RFS,OneWorld
RFT,OneWorld
RFX,OneWorld
RGA,OneWorld
RGC,SkyTeam
RGE,Star
RGL,OneWorld
RGM,Star
RGN,OneWorld
RGO,Star
RGP,Star
RGR,SkyTeam
RGR,OneWorld
RGS,OneWorld
RGT,Star
RGV,OneWorld
RGY,SkyTeam
RHC,OneWorld
RHD,Star
RHL,OneWorld
RIA,SkyTeam
RIC,Star
RID,SkyTeam
RIF,SkyTeam
RIL,Star
RIM,SkyTeam
RIO,SkyTeam
RIS,OneWorld
RIT,SkyTeam
RIU,SkyTeam
RIV,SkyTeam
RIX,OneWorld
RJA,OneWorld
RJM,OneWorld
RJS,Star
RJT,OneWorld
RJZ,SkyTeam
RKA,SkyTeam
RKC,SkyTeam
RKH,SkyTeam
RKM,OneWorld
RKT,SkyTeam
RKW,OneWorld
RLA,Star
RLE,Star
RLH,Star
RLI,SkyTeam
RLK,Star
RLL,OneWorld
RLM,OneWorld
RLN,Star
RLN,Star
RLR,Star
RLS,Star
RLU,Star
RLV,SkyTeam
RLX,OneWorld
RLZ,SkyTeam
RMA,Star
RMD,SkyTeam
RME,Star
RMF,Star
RMG,Star
RMI,Star
RML,Star
RMO,SkyTeam
RMP,Star
RMS,OneWorld
RMT,Star
RMU,Star
RMV,Star
RMX,Star
RMY,Star
RNA,Star
RNB,SkyTeam
RND,OneWorld
RNE,Star
RNG,Star
RNM,Star
RNR,SkyTeam
RNS,SkyTeam
RNV,Star
ROA,SkyTeam
ROC,Star
ROD,Star
ROE,OneWorld
ROF,SkyTeam
ROG,SkyTeam
ROH,SkyTeam
ROH,Star
ROI,OneWorld
ROJ,OneWorld
ROK,Star
ROL,SkyTeam
ROM,SkyTeam
RON,SkyTeam
ROO,Star
ROO,SkyTeam
ROP,SkyTeam
ROR,OneWorld
ROS,OneWorld
ROT,OneWorld
ROU,SkyTeam
ROU,SkyTeam
ROV,OneWorld
ROW,OneWorld
ROX,Star
ROY,Star
RPA,OneWorld
RPB,Star
RPC,Star
RPH,SkyTeam
RPK,OneWorld
RPS,Star
RPX,Star
RRA,OneWorld
RRB,OneWorld
RRC,OneWorld
RRE,SkyTeam
RRF,Star
RRL,OneWorld
RRM,SkyTeam
RRO,Star
RRR,OneWorld
RRS,OneWorld
RRT,SkyTeam
RRU,SkyTeam
RRV,OneWorld
RRY,Star
RRZ,SkyTeam
RSA,SkyTeam
RSB,Star
RSC,SkyTeam
RSE,Star
RSF,SkyTeam
RSH,Star
RSI,OneWorld
RSK,SkyTeam
RSL,OneWorld
RSL,SkyTeam
RSM,SkyTeam
RSN,SkyTeam
RSO,SkyTeam
RSP,Star
RSQ,SkyTeam
RSR,OneWorld
RSS,SkyTeam
RST,SkyTeam
RSU,SkyTeam
RSV,SkyTeam
RTE,SkyTeam
RTH,Star
RTM,OneWorld
RTN,OneWorld
RTO,OneWorld
RTO,OneWorld
RTQ,SkyTeam
RTR,Star
RTS,Star
RTU,OneWorld
RTV,Star
RUA,SkyTeam
RUC,OneWorld
RUD,SkyTeam
RUH,SkyTeam
RUK,OneWorld
RUM,OneWorld
RUN,Star
RUR,OneWorld
RUS,Star
RUT,SkyTeam
RUZ,SkyTeam
RVC,OneWorld
RVE,OneWorld
RVF,Star
RVF,Star
RVI,Star
RVL,OneWorld
RVM,OneWorld
RVN,SkyTeam
RVP,Star
RVQ,Star
RVR,OneWorld
RVT,OneWorld
RVV,SkyTeam
RWA,OneWorld
RWB,Star
RWC,SkyTeam
RWD,SkyTeam
RWE,Star
RWG,SkyTeam
RWL,Star
RWS,Star
RWY,Star
RXA,SkyTeam
RXP,OneWorld
RXT,OneWorld
RYA,Star
RYB,SkyTeam
RYL,SkyTeam
RYN,Star
RYR,OneWorld
RYS,Star
RYT,OneWorld
RYZ,OneWorld
RZ,Star
RZA,Star
RZL,SkyTeam
RZN,SkyTeam
RZO,Star
RZR,Star
RZU,OneWorld
RZV,Star
RZZ,OneWorld
SAA,Star
SAB,OneWorld
SAC,SkyTeam
SAF,SkyTeam
SAG,OneWorld
SAH,OneWorld
SAI,Star
SAM,SkyTeam
SAN,Star
SAO,OneWorld
SAP,SkyTeam
SAQ,OneWorld
SAQ,Star
SAS,SkyTeam
SAT,SkyTeam
SAU,Star
SAV,Star
SAW,Star
SAX,Star
SAY,Star
SAZ,OneWorld
SBA,SkyTeam
SBA,OneWorld
SBB,OneWorld
SBC,SkyTeam
SBD,SkyTeam
SBF,OneWorld
SBG,SkyTeam
SBH,SkyTeam
SBI,OneWorld
SBJ,SkyTeam
SBK,OneWorld
SBL,OneWorld
SBM,Star
SBO,Star
SBQ,OneWorld
SBR,OneWorld
SBS,SkyTeam
SBT,OneWorld
SBU,OneWorld
SBW,OneWorld
SBX,OneWorld
SBZ,OneWorld
SCA,OneWorld
SCB,OneWorld
SCC,OneWorld
SCD,SkyTeam
SCE,OneWorld
SCF,OneWorld
SCH,Star
SCH,SkyTeam
SCI,SkyTeam
SCJ,SkyTeam
SCJ,Star
SCK,SkyTeam
SCL,Star
SCM,Star
SCN,Star
SCO,Star
SCP,OneWorld
SCQ,Star
SCR,OneWorld
SCS,SkyTeam
SCT,SkyTeam
SCU,SkyTeam
SCV,OneWorld
SCW,SkyTeam
SCX,OneWorld
SDA,SkyTeam
SDB,OneWorld
SDC,Star
SDD,Star
SDE,Star
SDF,OneWorld
SDG,OneWorld
SDH,SkyTeam
SDJ,OneWorld
SDK,OneWorld
SDL,OneWorld
SDM,SkyTeam
SDN,OneWorld
SDO,OneWorld
SDP,SkyTeam
SDR,OneWorld
SDR,SkyTeam
SDS,OneWorld
SDU,OneWorld
SDV,SkyTeam
SDX,Star
SDY,Star
SDZ,OneWorld
SEA,SkyTeam
SEB,Star
SEC,Star
SED,Star
SEE,SkyTeam
SEF,SkyTeam
SEG,SkyTeam
SEH,SkyTeam
SEI,Star
SEJ,Star
SEK,Star
SEK,Star
SEL,SkyTeam
SEM,SkyTeam
SEN,SkyTeam
SEO,OneWorld
SEQ,SkyTeam
SER,Star
SES,SkyTeam
SET,Star
SEU,Star
SEV,SkyTeam
SEY,SkyTeam
SFA,Star
SFB,OneWorld
SFC,Star
SFE,OneWorld
SFF,Star
SFG,OneWorld
SFJ,SkyTeam
SFL,Star
SFM,SkyTeam
SFN,SkyTeam
SFP,OneWorld
SFR,Star
SFS,OneWorld
SFT,Star
SFU,Star
SFX,SkyTeam
SFY,OneWorld
SGA,OneWorld
SGB,SkyTeam
SGC,OneWorld
SGC,SkyTeam
SGD,OneWorld
SGF,Star
SGH,Star
SGI,Star
SGK,OneWorld
SGM,SkyTeam
SGN,SkyTeam
SGP,Star
SGR,Star
SGR,Star
SGS,SkyTeam
SGT,OneWorld
SGU,Star
SGU,Star
SGV,SkyTeam
SGX,Star
SGY,SkyTeam
SHA,SkyTeam
SHA,OneWorld
SHB,Star
SHC,OneWorld
SHD,SkyTeam
SHE,SkyTeam
SHF,OneWorld
SHG,OneWorld
SHH,Star
SHJ,OneWorld
SHK,SkyTeam
SHL,SkyTeam
SHM,Star
SHN,Star
SHO,SkyTeam
SHP,SkyTeam
SHQ,Star
SHR,SkyTeam
SHS,SkyTeam
SHT,SkyTeam
SHU,OneWorld
SHV,SkyTeam
SHW,Star
SHX,Star
SHY,SkyTeam
SIA,OneWorld
SIB,SkyTeam
SIC,SkyTeam
SIE,Star
SIH,Star
SII,SkyTeam
SIJ,OneWorld
SIL,SkyTeam
SIL,OneWorld
SIM,OneWorld
SIO,SkyTeam
SIP,OneWorld
SIQ,OneWorld
SIR,SkyTeam
SIS,OneWorld
SIT,SkyTeam
SIV,Star
SIW,Star
SIX,Star
SIY,SkyTeam
SIZ,OneWorld
SJA,OneWorld
SJB,Star
SJC,OneWorld
SJE,SkyTeam
SJJ,Star
SJL,SkyTeam
SJM,OneWorld
SJN,SkyTeam
SJO,SkyTeam
SJT,OneWorld
SJX,Star
SJY,SkyTeam
SKA,Star
SKB,Star
SKC,OneWorld
SKD,OneWorld
SKE,Star
SKF,SkyTeam
SKG,SkyTeam
SKH,SkyTeam
SKI,SkyTeam
SKK,Star
SKL,OneWorld
SKM,Star
SKN,Star
SKO,Star
SKP,Star
SKQ,OneWorld
SKR,OneWorld
SKS,Star
SKS,Star
SKT,SkyTeam
SKU,Star
SKV,Star
SKW,OneWorld
SKX,Star
SKY,Star
SKZ,SkyTeam
SLA,Star
SLB,Star
SLD,Star
SLE,SkyTeam
SLF,SkyTeam
SLG,OneWorld
SLH,SkyTeam
SLI,OneWorld
SLK,OneWorld
SLL,OneWorld
SLM,OneWorld
SLN,Star
SLO,OneWorld
SLP,SkyTeam
SLS,Star
SLU,SkyTeam
SLV,SkyTeam
SLW,Star
SLX,Star
SLY,SkyTeam
SLZ,SkyTeam
SMA,Star
SMC,SkyTeam
SMD,OneWorld
SME,Star
SMF,Star
SMG,OneWorld
SMH,OneWorld
SMI,OneWorld
SMJ,SkyTeam
SMK,SkyTeam
SML,Star
SMM,SkyTeam
SMQ,OneWorld
SMR,SkyTeam
SMS,Star
SMT,Star
SMU,SkyTeam
SMW,SkyTeam
SMX,OneWorld
SMY,OneWorld
SMZ,OneWorld
SNA,Star
SNB,OneWorld
SNC,Star
SND,OneWorld
SNE,Star
SNF,OneWorld
SNG,Star
SNG,Star
SNG,OneWorld
SNH,SkyTeam
SNI,Star
SNJ,Star
SNK,Star
SNL,SkyTeam
SNM,OneWorld
SNO,OneWorld
SNP,Star
SNQ,OneWorld
SNS,SkyTeam
SNT,OneWorld
SNU,Star
SNV,SkyTeam
SNW,OneWorld
SNX,SkyTeam
SNY,Star
SOB,OneWorld
SOC,Star
SOD,OneWorld
SOE,OneWorld
SOG,Star
SOG,Star
SOH,Star
SOI,OneWorld
SOL,Star
SOM,SkyTeam
SON,OneWorld
SOO,Star
SOP,OneWorld
SOR,SkyTeam
SOT,Star
SOU,Star
SOV,Star
SOW,OneWorld
SOW,SkyTeam
SOX,SkyTeam
SOY,OneWorld
SOZ,Star
SPA,Star
SPB,Star
SPC,SkyTeam
SPD,SkyTeam
SPE,OneWorld
SPF,Star
SPG,SkyTeam
SPH,SkyTeam
SPI,SkyTeam
SPJ,SkyTeam
SPK,SkyTeam
SPK,SkyTeam
SPL,Star
SPM,OneWorld
SPN,OneWorld
SPO,Star
SPP,OneWorld
SPQ,OneWorld
SPR,Star
SPS,OneWorld
SPT,Star
SPU,OneWorld
SPV,SkyTeam
SPW,SkyTeam
SPX,OneWorld
SPY,SkyTeam
SPZ,Star
SQA,Star
SQC,OneWorld
SQF,Star
SQH,Star
SQL,SkyTeam
SQP,OneWorld
SQR,Star
SRA,Star
SRC,Star
SRD,OneWorld
SRE,Star
SRF,SkyTeam
SRG,Star
SRH,OneWorld
SRI,Star
SRJ,OneWorld
SRK,OneWorld
SRL,Star
SRL,SkyTeam
SRN,OneWorld
SRO,Star
SRP,OneWorld
SRQ,Star
SRQ,Star
SRR,SkyTeam
SRS,SkyTeam
SRT,SkyTeam
SRU,SkyTeam
SRV,Star
SRW,OneWorld
SRX,Star
SRY,OneWorld
SRZ,SkyTeam
SSB,SkyTeam
SSC,OneWorld
SSD,Star
SSE,Star
SSF,Star
SSG,Star
SSH,SkyTeam
SSI,SkyTeam
SSK,Star
SSL,SkyTeam
SSM,OneWorld
SSN,OneWorld
SSO,SkyTeam
SSP,SkyTeam
SSQ,SkyTeam
SSR,Star
SSS,SkyTeam
SST,OneWorld
SSU,OneWorld
SSV,Star
SSW,OneWorld
SSX,OneWorld
SSY,Star
SSZ,OneWorld
STA,Star
STB,OneWorld
STC,OneWorld
STD,OneWorld
STE,Star
STF,SkyTeam
STG,OneWorld
STH,Star
STI,Star
STJ,Star
STK,Star
STK,OneWorld
STL,SkyTeam
STN,Star
STO,Star
STQ,Star
STR,OneWorld
STT,Star
STT,OneWorld
STT,OneWorld
STU,Star
STU,OneWorld
STV,OneWorld
STW,Star
STX,Star
STY,OneWorld
SUA,OneWorld
SUB,SkyTeam
SUD,OneWorld
SUE,Star
SUF,OneWorld
SUG,SkyTeam
SUH,SkyTeam
SUI,OneWorld
SUK,SkyTeam
SUM,OneWorld
SUN,SkyTeam
SUO,SkyTeam
SUP,OneWorld
SUP,OneWorld
SUR,SkyTeam
SUS,SkyTeam
SUT,OneWorld
SUU,OneWorld
SUV,SkyTeam
SUW,Star
SUW,Star
SUY,OneWorld
SVA,Star
SVB,Star
SVD,Star
SVE,Star
SVF,Star
SVH,OneWorld
SVI,SkyTeam
SVJ,Star
SVK,OneWorld
SVL,SkyTeam
SVM,SkyTeam
SVN,SkyTeam
SVO,OneWorld
SVR,OneWorld
SVS,OneWorld
SVT,Star
SVV,SkyTeam
SVW,SkyTeam
SVX,SkyTeam
SVY,SkyTeam
SWA,Star
SWB,Star
SWC,Star
SWD,SkyTeam
SWD,OneWorld
SWE,OneWorld
SWF,OneWorld
SWG,SkyTeam
SWH,OneWorld
SWI,SkyTeam
SWJ,OneWorld
SWK,OneWorld
SWL,Star
SWN,SkyTeam
SWO,OneWorld
SWP,SkyTeam
SWQ,Star
SWR,SkyTeam
SWR,Star
SWS,SkyTeam
SWT,OneWorld
SWU,OneWorld
SWV,OneWorld
SWW,SkyTeam
SWX,Star
SWY,OneWorld
SWZ,Star
SWZ,Star
SXA,OneWorld
SXC,OneWorld
SXD,Star
SXE,OneWorld
SXM,SkyTeam
SXN,OneWorld
SXP,Star
SXS,Star
SXT,OneWorld
SXT,SkyTeam
SXX,SkyTeam
SXY,Star
SYA,SkyTeam
SYC,OneWorld
SYE,SkyTeam
SYF,Star
SYG,SkyTeam
SYH,Star
SYI,SkyTeam
SYJ,OneWorld
SYK,OneWorld
SYL,Star
SYL,Star
SYN,OneWorld
SYR,OneWorld
SYS,Star
SYT,OneWorld
SYV,SkyTeam
SYX,SkyTeam
SYY,OneWorld
SYZ,SkyTeam
SZA,Star
SZB,Star
SZN,SkyTeam
SZT,SkyTeam
TAA,OneWorld
TAC,Star
TAD,Star
TAE,Star
TAG,OneWorld
TAH,SkyTeam
TAJ,SkyTeam
TAL,Star
TAM,SkyTeam
TAN,Star
TAN,SkyTeam
TAO,Star
TAP,SkyTeam
TAR,Star
TAS,SkyTeam
TAT,SkyTeam
TAU,Star
TAV,Star
TAX,SkyTeam
TAX,OneWorld
TAY,SkyTeam
TBA,SkyTeam
TBA,SkyTeam
TBC,Star
TBD,OneWorld
TBG,SkyTeam
TBH,Star
TBI,Star
TBL,SkyTeam
TBL,Star
TBM,OneWorld
TBN,Star
TBO,SkyTeam
TBR,SkyTeam
TBS,SkyTeam
TBS,OneWorld
TBX,Star
TCA,Star
TCB,Star
TCB,Star
TCC,Star
TCD,OneWorld
TCE,Star
TCF,SkyTeam
TCG,OneWorld
TCG,SkyTeam
TCH,OneWorld
TCI,OneWorld
TCL,SkyTeam
TCM,Star
TCN,SkyTeam
TCO,Star
TCP,SkyTeam
TCR,SkyTeam
TCT,SkyTeam
TCU,OneWorld
TCU,Star
TCV,Star
TCW,OneWorld
TCX,SkyTeam
TCY,OneWorld
TDA,OneWorld
TDB,OneWorld
TDC,OneWorld
TDE,SkyTeam
TDG,Star
TDI,Star
TDM,OneWorld
TDO,SkyTeam
TDR,SkyTeam
TDS,Star
TDT,OneWorld
TDV,Star
TDX,SkyTeam
TDY,SkyTeam
TEA,OneWorld
TEB,SkyTeam
TEC,Star
TED,OneWorld
TEE,OneWorld
TEF,Star
TEH,SkyTeam
TEL,OneWorld
TEM,SkyTeam
TEN,OneWorld
TEP,OneWorld
TER,SkyTeam
TES,Star
TET,Star
TEW,Star
TEX,SkyTeam
TEZ,Star
TFA,SkyTeam
TFB,Star
TFF,OneWorld
TFG,OneWorld
TFH,Star
TFI,Star
TFK,SkyTeam
TFL,OneWorld
TFN,Star
TFO,SkyTeam
TFT,Star
TFU,SkyTeam
TFY,Star
TGA,Star
TGC,OneWorld
TGE,SkyTeam
TGG,SkyTeam
TGI,SkyTeam
TGM,OneWorld
TGN,SkyTeam
TGO,OneWorld
TGR,Star
TGT,Star
TGW,Star
TGW,SkyTeam
TGX,OneWorld
TGY,OneWorld
TGZ,OneWorld
THA,SkyTeam
THB,OneWorld
THC,Star
THD,Star
THE,Star
THF,SkyTeam
THG,OneWorld
THJ,Star
THK,OneWorld
THM,OneWorld
THN,OneWorld
THO,Star
THR,OneWorld
THS,OneWorld
THT,SkyTeam
THU,OneWorld
THY,OneWorld
THZ,SkyTeam
TIA,SkyTeam
TIB,OneWorld
TIC,SkyTeam
TID,SkyTeam
TIE,Star
TIH,OneWorld
TIK,SkyTeam
TIM,SkyTeam
TIN,OneWorld
TIP,Star
TIR,Star
TIS,SkyTeam
TIW,Star
TJK,Star
TJN,OneWorld
TJS,Star
TJT,OneWorld
TKC,Star
TKE,Star
TKJ,SkyTeam
TKK,OneWorld
TKR,OneWorld
TKX,OneWorld
TLA,SkyTeam
TLB,Star
TLC,OneWorld
TLD,SkyTeam
TLE,SkyTeam
TLF,OneWorld
TLK,OneWorld
TLL,Star
TLM,SkyTeam
TLO,SkyTeam
TLP,OneWorld
TLR,OneWorld
TLS,SkyTeam
TLT,Star
TLU,SkyTeam
TLV,SkyTeam
TLW,SkyTeam
TLX,OneWorld
TLY,Star
TMA,SkyTeam
TMB,Star
TMC,SkyTeam
TMD,Star
TMD,SkyTeam
TME,OneWorld
TMG,OneWorld
TMH,Star
TMI,OneWorld
TMK,OneWorld
TML,SkyTeam
TMM,OneWorld
TMN,OneWorld
TMP,Star
TMQ,Star
TMR,SkyTeam
TMS,OneWorld
TMT,OneWorld
TMX,SkyTeam
TMY,Star
TMZ,SkyTeam
TNA,Star
TNB,Star
TNC,Star
TND,OneWorld
TNE,OneWorld
TNF,SkyTeam
TNG,OneWorld
TNI,Star
TNL,Star
TNM,Star
TNO,SkyTeam
TNP,SkyTeam
TNR,OneWorld
TNT,Star
TNV,Star
TNW,SkyTeam
TNX,SkyTeam
TNY,Star
TOB,OneWorld
TOC,Star
TOF,OneWorld
TOH,SkyTeam
TOJ,Star
TOK,SkyTeam
TOL,SkyTeam
TOM,Star
TON,OneWorld
TOP,OneWorld
TOR,SkyTeam
TOS,Star
TOT,OneWorld
TOW,Star
TOW,Star
TOX,Star
TOY,OneWorld
TPA,SkyTeam
TPB,OneWorld
TPC,Star
TPD,OneWorld
TPF,Star
TPG,Star
TPK,OneWorld
TPL,Star
TPM,OneWorld
TPN,SkyTeam
TPO,SkyTeam
TPP,OneWorld
TPR,OneWorld
TPS,OneWorld
TPT,OneWorld
TPU,Star
TPV,OneWorld
TPX,OneWorld
TPY,Star
TPZ,Star
TQE,Star
TQF,Star
TQM,SkyTeam
TQN,OneWorld
TQR,Star
TQS,Star
TRA,SkyTeam
TRB,Star
TRC,Star
TRD,Star
TRF,OneWorld
TRG,OneWorld
TRH,Star
TRI,SkyTeam
TRJ,OneWorld
TRK,SkyTeam
TRL,OneWorld
TRM,SkyTeam
TRN,OneWorld
TRO,SkyTeam
TRP,OneWorld
TRQ,Star
TRR,OneWorld
TRS,Star
TRT,OneWorld
TRU,OneWorld
TRW,Star
TRY,Star
TRZ,OneWorld
TSA,Star
TSC,SkyTeam
TSD,SkyTeam
TSG,SkyTeam
TSH,Star
TSI,SkyTeam
TSJ,Star
TSK,SkyTeam
TSL,Star
TSM,Star
TSN,OneWorld
TSO,Star
TSP,Star
TSQ,SkyTeam
TSR,Star
TSS,SkyTeam
TST,OneWorld
TSU,SkyTeam
TSV,OneWorld
TSW,Star
TSX,SkyTeam
TSY,SkyTeam
TTA,Star
TTB,Star
TTC,SkyTeam
TTE,Star
TTF,SkyTeam
TTH,Star
TTL,SkyTeam
TTM,OneWorld
TTN,OneWorld
TTP,OneWorld
TTR,Star
TTS,SkyTeam
TTW,OneWorld
TTX,Star
TUA,SkyTeam
TUC,Star
TUD,SkyTeam
TUD,OneWorld
TUI,Star
TUK,OneWorld
TUL,SkyTeam
TUM,SkyTeam
TUM,OneWorld
TUN,Star
TUO,SkyTeam
TUP,OneWorld
TUR,SkyTeam
TUS,OneWorld
TUX,SkyTeam
TUX,OneWorld
TUX,SkyTeam
TUY,SkyTeam
TUZ,SkyTeam
TVA,Star
TVF,Star
TVH,SkyTeam
TVI,Star
TVJ,OneWorld
TVL,Star
TVO,SkyTeam
TVP,Star
TVQ,Star
TVR,Star
TVS,SkyTeam
TWA,Star
TWB,Star
TWE,OneWorld
TWF,SkyTeam
TWG,OneWorld
TWI,SkyTeam
TWJ,Star
TWL,OneWorld
TWM,SkyTeam
TWN,SkyTeam
TWO,Star
TWW,Star
TWY,OneWorld
TXA,Star
TXB,SkyTeam
TXC,OneWorld
TXD,Star
TXE,OneWorld
TXF,Star
TXI,SkyTeam
TXL,Star
TXM,SkyTeam
TXN,Star
TXO,SkyTeam
TXR,OneWorld
TXS,SkyTeam
TXT,OneWorld
TXU,SkyTeam
TXV,OneWorld
TXX,SkyTeam
TXZ,SkyTeam
TYA,SkyTeam
TYF,Star
TYG,OneWorld
TYJ,SkyTeam
TYR,SkyTeam
TYW,OneWorld
TZA,OneWorld
TZE,Star
TZK,SkyTeam
TZP,SkyTeam
TZT,OneWorld
TZU,OneWorld
UAA,SkyTeam
UAB,Star
UAC,SkyTeam
UAD,SkyTeam
UAE,OneWorld
UAF,SkyTeam
UAG,SkyTeam
UAH,SkyTeam
UAI,Star
UAJ,OneWorld
UAK,Star
UAL,SkyTeam
UAR,OneWorld
UAS,Star
UBA,OneWorld
UBD,Star
UBD,SkyTeam
UBE,Star
UBG,SkyTeam
UCA,OneWorld
UCC,OneWorld
UCG,Star
UCH,OneWorld
UCK,SkyTeam
UCO,Star
UCR,Star
UCS,OneWorld
UDA,Star
UDC,SkyTeam
UDN,OneWorld
UEA,SkyTeam
UED,Star
UEJ,OneWorld
UES,Star
UEU,Star
UFA,OneWorld
UFS,OneWorld
UGA,Star
UGA,OneWorld
UGC,Star
UGD,Star
UGL,SkyTeam
UGN,Star
UGP,Star
UHL,Star
UHS,Star
UIA,Star
UIT,SkyTeam
UJR,Star
UJT,Star
UJX,Star
UKA,OneWorld
UKI,SkyTeam
UKL,OneWorld
UKM,Star
UKN,Star
UKP,SkyTeam
UKR,OneWorld
UKS,OneWorld
UKU,Star
UKW,SkyTeam
ULH,SkyTeam
ULR,OneWorld
ULS,SkyTeam
ULS,SkyTeam
ULT,OneWorld
UMA,OneWorld
UMB,OneWorld
UMK,OneWorld
UNC,OneWorld
UND,Star
UNF,Star
UNJ,Star
UNO,OneWorld
UNR,Star
UNS,Star
UNT,SkyTeam
UNU,Star
UNY,Star
UPA,Star
UPL,SkyTeam
UPS,OneWorld
URA,OneWorld
URF,OneWorld
URG,Star
URJ,OneWorld
URN,Star
URP,OneWorld
URR,OneWorld
URV,OneWorld
URY,Star
USB,Star
USC,OneWorld
USF,Star
USH,OneWorld
USJ,OneWorld
USK,OneWorld
USN,Star
UST,SkyTeam
USW,Star
USW,OneWorld
USX,SkyTeam
UTA,OneWorld
UTM,Star
UTN,OneWorld
UTN,OneWorld
UTR,OneWorld
UTS,Star
UTT,SkyTeam
UTU,SkyTeam
UTX,OneWorld
UTY,SkyTeam
UVA,OneWorld
UVG,SkyTeam
UVM,SkyTeam
UVN,Star
UVS,Star
UVT,SkyTeam
UYC,OneWorld
UZA,Star
UZB,SkyTeam
UZS,SkyTeam
VAA,OneWorld
VAB,OneWorld
VAC,Star
VAD,SkyTeam
VAE,SkyTeam
VAG,Star
VAG,OneWorld
VAI,OneWorld
VAI,Star
VAL,OneWorld
VAM,SkyTeam
VAN,SkyTeam
VAP,OneWorld
VAR,Star
VAS,SkyTeam
VAT,OneWorld
VAW,OneWorld
VAZ,OneWorld
VBA,SkyTeam
VBC,SkyTeam
VBD,Star
VBG,Star
VBW,SkyTeam
VCA,Star
VCB,SkyTeam
VCH,OneWorld
VCI,Star
VCM,Star
VCN,Star
VCR,Star
VCT,Star
VCV,SkyTeam
VCX,OneWorld
VDA,Star
VDO,Star
VDR,OneWorld
VDR,Star
VEA,OneWorld
VEC,Star
VEE,Star
VEG,OneWorld
VEI,SkyTeam
VEJ,SkyTeam
VEN,SkyTeam
VER,SkyTeam
VES,OneWorld
VEX,Star
VFC,Star
VFT,Star
VGA,Star
VGC,OneWorld
VGD,OneWorld
VGF,SkyTeam
VGN,Star
VGO,Star
VGS,Star
VGV,SkyTeam
VHA,Star
VHM,Star
VHT,Star
VIB,SkyTeam
VIC,OneWorld
VID,OneWorld
VIE,Star
VIF,Star
VIG,OneWorld
VIH,SkyTeam
VIK,SkyTeam
VIL,SkyTeam
VIM,OneWorld
VIN,OneWorld
VIP,SkyTeam
VIR,OneWorld
VIV,OneWorld
VIV,SkyTeam
VIZ,OneWorld
VJA,SkyTeam
VJC,Star
VJE,SkyTeam
VJM,Star
VJT,OneWorld
VJT,OneWorld
VKG,OneWorld
VLA,SkyTeam
VLB,Star
VLE,Star
VLF,OneWorld
VLG,Star
VLI,SkyTeam
VLK,Star
VLL,OneWorld
VLM,OneWorld
VLN,SkyTeam
VLO,Star
VLR,Star
VLR,SkyTeam
VLS,SkyTeam
VLT,OneWorld
VLU,Star
VLV,Star
VLX,Star
VMA,SkyTeam
VME,OneWorld
VMM,SkyTeam
VMP,Star
VMR,SkyTeam
VMS,SkyTeam
VMX,OneWorld
VNA,SkyTeam
VNE,Star
VNG,Star
VNK,SkyTeam
VNL,OneWorld
VNR,Star
VNR,OneWorld
VNR,SkyTeam
VNT,OneWorld
VNX,Star
VNZ,Star
VOA,OneWorld
VOE,OneWorld
VOG,OneWorld
VOI,SkyTeam
VOL,Star
VOR,SkyTeam
VOS,SkyTeam
VOZ,OneWorld
VPA,SkyTeam
VPA,OneWorld
VPB,OneWorld
VPV,OneWorld
VRA,SkyTeam
VRB,SkyTeam
VRC,SkyTeam
VRD,Star
VRD,OneWorld
VRE,Star
VRE,Star
VRH,Star
VRI,Star
VRL,SkyTeam
VRN,OneWorld
VRO,OneWorld
VRS,SkyTeam
VRT,OneWorld
VSA,OneWorld
VSB,SkyTeam
VSC,OneWorld
VSC,OneWorld
VSG,Star
VSN,SkyTeam
VSO,OneWorld
VSP,SkyTeam
VSR,Star
VSS,Star
VSV,SkyTeam
VTA,OneWorld
VTB,Star
VTC,Star
VTE,Star
VTG,Star
VTH,OneWorld
VTI,SkyTeam
VTK,OneWorld
VTL,Star
VTM,OneWorld
VTS,SkyTeam
VTT,Star
VTV,Star
VTX,SkyTeam
VTY,OneWorld
VUE,OneWorld
VUL,OneWorld
VUN,OneWorld
VUO,Star
VUR,SkyTeam
VUS,Star
VVA,SkyTeam
VVC,SkyTeam
VVF,OneWorld
VVG,OneWorld
VVM,OneWorld
VVV,SkyTeam
VXG,Star
VXN,SkyTeam
VXP,OneWorld
VXP,OneWorld
VXX,OneWorld
VYT,Star
VZL,OneWorld
VZR,Star
WAA,OneWorld
WAA,SkyTeam
WAB,OneWorld
WAC,Star
WAD,Star
WAE,Star
WAF,OneWorld
WAG,Star
WAJ,OneWorld
WAL,OneWorld
WAL,Star
WAM,OneWorld
WAN,SkyTeam
WAP,SkyTeam
WAR,OneWorld
WAS,OneWorld
WAS,Star
WAT,OneWorld
WAV,SkyTeam
WAW,SkyTeam
WAY,OneWorld
WAZ,Star
WBA,OneWorld
WBR,SkyTeam
WCA,Star
WCB,OneWorld
WCC,Star
WCC,Star
WCG,Star
WCO,OneWorld
WCP,SkyTeam
WCR,SkyTeam
WCW,Star
WCY,SkyTeam
WDA,OneWorld
WDG,SkyTeam
WDK,OneWorld
WDL,SkyTeam
WDR,OneWorld
WDS,Star
WDY,Star
WDY,Star
WEA,OneWorld
WEB,OneWorld
WEC,Star
WEL,Star
WEN,OneWorld
WES,Star
WES,Star
WEV,OneWorld
WEW,SkyTeam
WEX,SkyTeam
WFC,OneWorld
WFD,Star
WFO,SkyTeam
WFT,Star
WGA,SkyTeam
WGN,OneWorld
WGP,Star
WGS,OneWorld
WGT,OneWorld
WHE,Star
WHH,OneWorld
WHR,Star
WHS,Star
WHT,Star
WHY,SkyTeam
WIA,OneWorld
WIF,SkyTeam
WIG,SkyTeam
WIL,OneWorld
WIN,Star
WIS,SkyTeam
WIT,OneWorld
WIW,SkyTeam
WIZ,OneWorld
WJA,SkyTeam
WKH,OneWorld
WLA,SkyTeam
WLB,SkyTeam
WLC,SkyTeam
WLG,SkyTeam
WLK,SkyTeam
WLR,OneWorld
WLT,SkyTeam
WLV,OneWorld
WLX,Star
WML,Star
WMT,Star
WNA,SkyTeam
WNR,OneWorld
WOA,OneWorld
WOK,SkyTeam
WOL,Star
WON,Star
WOW,OneWorld
WOW,SkyTeam
WPA,Star
WPK,Star
WPR,SkyTeam
WPT,Star
WRA,SkyTeam
WRF,OneWorld
WRR,Star
WRT,Star
WSA,OneWorld
WSC,OneWorld
WSF,Star
WSG,Star
WSI,SkyTeam
WSL,SkyTeam
WSM,OneWorld
WSN,SkyTeam
WST,Star
WSW,OneWorld
WTA,SkyTeam
WTC,OneWorld
WTF,Star
WTN,SkyTeam
WTP,SkyTeam
WTV,SkyTeam
WUK,SkyTeam
WVA,SkyTeam
WVL,OneWorld
WWD,SkyTeam
WWG,OneWorld
WWI,SkyTeam
WWL,OneWorld
WWM,SkyTeam
WWS,Star
WWW,SkyTeam
WYC,Star
WYG,Star
WYT,Star
WZP,SkyTeam
WZZ,SkyTeam
XAA,Star
XAB,OneWorld
XAC,Star
XAD,Star
XAE,Star
XAF,OneWorld
XAH,OneWorld
XAK,Star
XAM,SkyTeam
XAO,SkyTeam
XAP,SkyTeam
XAR,OneWorld
XAS,Star
XAT,OneWorld
XAU,Star
XAV,OneWorld
XAX,SkyTeam
XBG,Star
XBO,Star
XCA,SkyTeam
XCC,Star
XCL,Star
XCO,OneWorld
XCS,OneWorld
XCT,Star
XCX,Star
XDA,OneWorld
XDD,Star
XDS,SkyTeam
XDT,SkyTeam
XDY,Star
XEC,SkyTeam
XEL,Star
XER,Star
XFA,SkyTeam
XFS,SkyTeam
XFX,Star
XGA,Star
XGG,OneWorld
XGS,SkyTeam
XGW,Star
XJA,Star
XJC,Star
XJE,OneWorld
XJT,SkyTeam
XKA,OneWorld
XKX,Star
XLA,OneWorld
XLB,OneWorld
XLD,OneWorld
XLG,Star
XLK,OneWorld
XLL,OneWorld
XLT,SkyTeam
XMA,SkyTeam
XME,Star
XMG,Star
XMR,Star
XMS,Star
XMX,Star
XNA,Star
XNC,Star
XNR,OneWorld
XNS,SkyTeam
XNT,SkyTeam
XNV,OneWorld
XOJ,OneWorld
XPA,SkyTeam
XPE,Star
XPG,Star
XPL,Star
XPN,OneWorld
XPR,Star
XPS,Star
XPX,Star
XRA,Star
XRC,OneWorld
XRO,SkyTeam
XSA,SkyTeam
XSL,SkyTeam
XSL,SkyTeam
XSN,OneWorld
XSR,OneWorld
XSS,SkyTeam
XTA,OneWorld
XTJ,Star
XTO,OneWorld
XTR,Star
XWS,Star
XWW,Star
XXS,SkyTeam
XXV,Star
XXX,OneWorld
XYZ,OneWorld
YAK,SkyTeam
YBE,OneWorld
YFS,SkyTeam
YOG,OneWorld
YRG,SkyTeam
YRG,Star
YWZ,OneWorld
YYY,SkyTeam
YZR,SkyTeam
ZAI,SkyTeam
ZAK,OneWorld
ZAK,Star
ZAN,SkyTeam
ZAR,OneWorld
ZAS,Star
ZAV,OneWorld
ZAW,OneWorld
ZBA,Star
ZMA,OneWorld
ZZM,Star
